datetime_utc,portfolio_id,symbol,action,qty,price_exec,slippage_bps,liquidity_impact_bps,fees,gross_amount,post_trade_cash,post_trade_position,signal_snapshot,rationale,run_id
2025-11-07T01:05:12.849626+00:00,portfolio_max_autotrader,ASTS,SELL,2.0,65.209725,10.0,0.0,0.0,130.42,3051.07,6.49,"{""TS"":-0.57545,""NS"":0.010958,""CDS"":-0.340887,""wT"":0.6,""wN"":0.4}",score<sell,19154823423
2025-11-07T01:05:12.849792+00:00,portfolio_max_autotrader,QBTS,SELL,43.0,28.36161,10.0,0.0,0.0,1219.55,4270.62,129.08,"{""TS"":-0.528902,""NS"":0.083022,""CDS"":-0.284132,""wT"":0.6,""wN"":0.4}",score<sell,19154823423
2025-11-07T01:05:12.849939+00:00,portfolio_max_autotrader,QUBT,SELL,14.0,13.12686,10.0,0.0,0.0,183.78,4454.39,43.39,"{""TS"":-0.592264,""NS"":0.100926,""CDS"":-0.314988,""wT"":0.6,""wN"":0.4}",score<sell,19154823423
2025-11-07T01:05:12.850076+00:00,portfolio_max_autotrader,RGTI,SELL,2.0,34.310655,10.0,0.0,0.0,68.62,4523.02,7.17,"{""TS"":-0.527454,""NS"":0.107153,""CDS"":-0.273611,""wT"":0.6,""wN"":0.4}",score<sell,19154823423
2025-11-07T01:05:12.850207+00:00,portfolio_max_autotrader,RKLB,SELL,1.0,49.555395,10.0,0.0,0.0,49.56,4572.57,5.27,"{""TS"":-0.648029,""NS"":0.052011,""CDS"":-0.368013,""wT"":0.6,""wN"":0.4}",score<sell,19154823423
2025-11-07T01:05:12.850381+00:00,portfolio_max_autotrader,VTI,SELL,2.0,329.01066,10.0,0.0,0.0,658.02,5230.59,7.48,"{""TS"":-0.520567,""NS"":-0.104224,""CDS"":-0.35403,""wT"":0.6,""wN"":0.4}",score<sell,19154823423
2025-11-07T01:05:12.850523+00:00,portfolio_max_autotrader,FSLR,BUY,2.1072,272.38211,10.0,0.0,0.0,-573.96,4656.63,5.1072,"{""TS"":0.590301,""NS"":0.29577,""CDS"":0.472489,""wT"":0.6,""wN"":0.4}",score>buy,19154823423
2025-11-07T01:05:12.850659+00:00,portfolio_max_autotrader,AAPL,BUY,2.1249,270.11985,10.0,0.0,0.0,-573.98,4082.65,2.4955,"{""TS"":0.578813,""NS"":0.306517,""CDS"":0.469894,""wT"":0.6,""wN"":0.4}",score>buy,19154823423
2025-11-07T01:05:12.850794+00:00,portfolio_max_autotrader,GOOGL,BUY,2.0134,285.07479,10.0,0.0,0.0,-573.97,3508.68,2.0134,"{""TS"":0.633719,""NS"":0.204776,""CDS"":0.462142,""wT"":0.6,""wN"":0.4}",score>buy,19154823423
2025-11-07T01:05:12.850916+00:00,portfolio_max_autotrader,AMZN,BUY,2.3601,243.20296,10.0,0.0,0.0,-573.98,2934.7,2.4614,"{""TS"":0.513501,""NS"":0.259286,""CDS"":0.411815,""wT"":0.6,""wN"":0.4}",score>buy,19154823423
2025-11-07T01:05:12.851036+00:00,portfolio_max_autotrader,DE,BUY,1.207,475.53506,10.0,0.0,0.0,-573.97,2360.73,1.207,"{""TS"":0.53571,""NS"":0.216831,""CDS"":0.408159,""wT"":0.6,""wN"":0.4}",score>buy,19154823423
2025-11-07T19:37:10.307935+00:00,portfolio_max_autotrader,ASTS,SELL,1.0,68.49144,10.0,0.0,0.0,68.49,2429.22,5.49,"{""TS"":-0.509249,""NS"":0.06354,""CDS"":-0.280133,""wT"":0.6,""wN"":0.4}",score<sell,19179221793
2025-11-07T19:37:10.308109+00:00,portfolio_max_autotrader,QBTS,SELL,32.0,28.39158,10.0,0.0,0.0,908.53,3337.75,97.08,"{""TS"":-0.530221,""NS"":0.139139,""CDS"":-0.262477,""wT"":0.6,""wN"":0.4}",score<sell,19179221793
2025-11-07T19:37:10.308291+00:00,portfolio_max_autotrader,QUBT,SELL,10.0,12.45753,10.0,0.0,0.0,124.58,3462.33,33.39,"{""TS"":-0.617424,""NS"":0.136687,""CDS"":-0.31578,""wT"":0.6,""wN"":0.4}",score<sell,19179221793
2025-11-07T19:37:10.308432+00:00,portfolio_max_autotrader,RGTI,SELL,1.0,32.39757,10.0,0.0,0.0,32.4,3494.72,6.17,"{""TS"":-0.557209,""NS"":0.047288,""CDS"":-0.31541,""wT"":0.6,""wN"":0.4}",score<sell,19179221793
2025-11-07T19:37:10.308573+00:00,portfolio_max_autotrader,RKLB,SELL,1.0,50.764185,10.0,0.0,0.0,50.76,3545.49,4.27,"{""TS"":-0.613176,""NS"":0.053854,""CDS"":-0.346364,""wT"":0.6,""wN"":0.4}",score<sell,19179221793
2025-11-07T19:37:10.308706+00:00,portfolio_max_autotrader,JPM,BUY,1.3897,313.378065,10.0,0.0,0.0,-435.5,3109.99,1.3897,"{""TS"":0.577324,""NS"":0.368065,""CDS"":0.49362,""wT"":0.6,""wN"":0.4}",score>buy,19179221793
2025-11-07T19:37:10.308837+00:00,portfolio_max_autotrader,DOCN,BUY,9.0,48.38834,10.0,0.0,0.0,-435.5,2674.49,9.0,"{""TS"":0.635934,""NS"":0.206328,""CDS"":0.464091,""wT"":0.6,""wN"":0.4}",score>buy,19179221793
2025-11-07T19:37:10.308965+00:00,portfolio_max_autotrader,GOOGL,BUY,1.5672,277.88761,10.0,0.0,0.0,-435.51,2238.99,3.5806,"{""TS"":0.505175,""NS"":0.373804,""CDS"":0.452626,""wT"":0.6,""wN"":0.4}",score>buy,19179221793
2025-11-07T19:37:10.309100+00:00,portfolio_max_autotrader,DDOG,BUY,2.319,187.79761,10.0,0.0,0.0,-435.5,1803.48,2.319,"{""TS"":0.651812,""NS"":0.138089,""CDS"":0.446323,""wT"":0.6,""wN"":0.4}",score>buy,19179221793
2025-11-07T19:37:10.309257+00:00,portfolio_max_autotrader,CMI,BUY,0.9112,477.922445,10.0,0.0,0.0,-435.48,1368.0,0.9112,"{""TS"":0.672457,""NS"":0.103112,""CDS"":0.444719,""wT"":0.6,""wN"":0.4}",score>buy,19179221793
2025-11-07T19:39:15.080841+00:00,portfolio_max_autotrader,ASTS,SELL,1.0,68.49144,10.0,0.0,0.0,68.49,1436.49,4.49,"{""TS"":-0.509249,""NS"":0.06354,""CDS"":-0.280133,""wT"":0.6,""wN"":0.4}",score<sell,19179268780
2025-11-07T19:39:15.081042+00:00,portfolio_max_autotrader,QBTS,SELL,24.0,28.39158,10.0,0.0,0.0,681.4,2117.89,73.08,"{""TS"":-0.530221,""NS"":0.139139,""CDS"":-0.262477,""wT"":0.6,""wN"":0.4}",score<sell,19179268780
2025-11-07T19:39:15.081196+00:00,portfolio_max_autotrader,QUBT,SELL,8.0,12.45753,10.0,0.0,0.0,99.66,2217.55,25.39,"{""TS"":-0.617424,""NS"":0.136687,""CDS"":-0.31578,""wT"":0.6,""wN"":0.4}",score<sell,19179268780
2025-11-07T19:39:15.081329+00:00,portfolio_max_autotrader,RGTI,SELL,1.0,32.39757,10.0,0.0,0.0,32.4,2249.95,5.17,"{""TS"":-0.557209,""NS"":0.047288,""CDS"":-0.31541,""wT"":0.6,""wN"":0.4}",score<sell,19179268780
2025-11-07T19:39:15.081466+00:00,portfolio_max_autotrader,RKLB,SELL,1.0,50.764185,10.0,0.0,0.0,50.76,2300.71,3.27,"{""TS"":-0.613176,""NS"":0.053854,""CDS"":-0.346364,""wT"":0.6,""wN"":0.4}",score<sell,19179268780
2025-11-07T19:39:15.081610+00:00,portfolio_max_autotrader,JPM,BUY,1.3894,313.378065,10.0,0.0,0.0,-435.41,1865.3,2.7791,"{""TS"":0.577324,""NS"":0.368065,""CDS"":0.49362,""wT"":0.6,""wN"":0.4}",score>buy,19179268780
2025-11-07T19:39:15.081743+00:00,portfolio_max_autotrader,DOCN,BUY,8.9979,48.38834,10.0,0.0,0.0,-435.39,1429.91,17.9979,"{""TS"":0.635934,""NS"":0.206328,""CDS"":0.464091,""wT"":0.6,""wN"":0.4}",score>buy,19179268780
2025-11-07T19:39:15.081869+00:00,portfolio_max_autotrader,GOOGL,BUY,1.5668,277.88761,10.0,0.0,0.0,-435.39,994.52,5.1474,"{""TS"":0.505175,""NS"":0.373804,""CDS"":0.452626,""wT"":0.6,""wN"":0.4}",score>buy,19179268780
2025-11-07T19:39:15.082029+00:00,portfolio_max_autotrader,DDOG,BUY,0.3364,187.79761,10.0,0.0,0.0,-63.18,931.34,2.6554,"{""TS"":0.651812,""NS"":0.138089,""CDS"":0.446323,""wT"":0.6,""wN"":0.4}",score>buy,19179268780
2025-11-07T19:52:09.540619+00:00,portfolio_max_autotrader,ASTS,SELL,1.0,68.49144,10.0,0.0,0.0,68.49,999.83,3.49,"{""TS"":-0.509249,""NS"":0.06354,""CDS"":-0.280133,""wT"":0.6,""wN"":0.4}",score<sell,19179543256
2025-11-07T19:52:09.540789+00:00,portfolio_max_autotrader,QBTS,SELL,18.0,28.39158,10.0,0.0,0.0,511.05,1510.88,55.08,"{""TS"":-0.530221,""NS"":0.139139,""CDS"":-0.262477,""wT"":0.6,""wN"":0.4}",score<sell,19179543256
2025-11-07T19:52:09.540931+00:00,portfolio_max_autotrader,QUBT,SELL,6.0,12.45753,10.0,0.0,0.0,74.75,1585.63,19.39,"{""TS"":-0.617424,""NS"":0.136687,""CDS"":-0.31578,""wT"":0.6,""wN"":0.4}",score<sell,19179543256
2025-11-07T19:52:09.541078+00:00,portfolio_max_autotrader,RGTI,SELL,1.0,32.39757,10.0,0.0,0.0,32.4,1618.02,4.17,"{""TS"":-0.557209,""NS"":0.047288,""CDS"":-0.31541,""wT"":0.6,""wN"":0.4}",score<sell,19179543256
2025-11-07T19:52:09.541266+00:00,portfolio_max_autotrader,JPM,BUY,1.3891,313.378065,10.0,0.0,0.0,-435.31,1182.71,4.1682,"{""TS"":0.577324,""NS"":0.368065,""CDS"":0.49362,""wT"":0.6,""wN"":0.4}",score>buy,19179543256
2025-11-07T19:52:09.541417+00:00,portfolio_max_autotrader,DOCN,BUY,8.9965,48.38834,10.0,0.0,0.0,-435.33,747.38,26.9944,"{""TS"":0.635934,""NS"":0.206328,""CDS"":0.464091,""wT"":0.6,""wN"":0.4}",score>buy,19179543256
2025-11-07T19:52:09.541551+00:00,portfolio_max_autotrader,GOOGL,BUY,0.2218,277.88761,10.0,0.0,0.0,-61.64,685.75,5.3692,"{""TS"":0.505175,""NS"":0.373804,""CDS"":0.452626,""wT"":0.6,""wN"":0.4}",score>buy,19179543256
2025-11-07T20:01:25.604804+00:00,portfolio_max_autotrader,QBTS,SELL,13.0,28.39158,10.0,0.0,0.0,369.09,1054.84,42.08,"{""TS"":-0.530221,""NS"":0.139139,""CDS"":-0.262477,""wT"":0.6,""wN"":0.4}",score<sell,19179735319
2025-11-07T20:01:25.604989+00:00,portfolio_max_autotrader,QUBT,SELL,4.0,12.45753,10.0,0.0,0.0,49.83,1104.67,15.39,"{""TS"":-0.617424,""NS"":0.136687,""CDS"":-0.31578,""wT"":0.6,""wN"":0.4}",score<sell,19179735319
2025-11-07T20:01:25.605134+00:00,portfolio_max_autotrader,RGTI,SELL,1.0,32.39757,10.0,0.0,0.0,32.4,1137.07,3.17,"{""TS"":-0.557209,""NS"":0.047288,""CDS"":-0.31541,""wT"":0.6,""wN"":0.4}",score<sell,19179735319
2025-11-07T20:01:25.605276+00:00,portfolio_max_autotrader,JPM,BUY,1.389,313.378065,10.0,0.0,0.0,-435.28,701.79,5.5572,"{""TS"":0.577324,""NS"":0.368065,""CDS"":0.49362,""wT"":0.6,""wN"":0.4}",score>buy,19179735319
2025-11-07T20:01:25.605448+00:00,portfolio_max_autotrader,DOCN,BUY,5.1904,48.38834,10.0,0.0,0.0,-251.15,450.63,32.1848,"{""TS"":0.635934,""NS"":0.206328,""CDS"":0.464091,""wT"":0.6,""wN"":0.4}",score>buy,19179735319
2025-11-07T20:37:09.884572+00:00,portfolio_max_autotrader,QUBT,SELL,3.0,12.56742,10.0,0.0,0.0,37.7,488.33,12.39,"{""TS"":-0.61378,""NS"":0.014566,""CDS"":-0.362442,""wT"":0.6,""wN"":0.4}",score<sell,19180577408
2025-11-07T20:37:09.884747+00:00,portfolio_max_autotrader,VTI,SELL,1.0,328.52115,10.0,0.0,0.0,328.52,816.85,6.48,"{""TS"":-0.531135,""NS"":0.094351,""CDS"":-0.28094,""wT"":0.6,""wN"":0.4}",score<sell,19180577408
2025-11-07T20:37:09.884895+00:00,portfolio_max_autotrader,JPM,BUY,1.4383,313.6133,10.0,0.0,0.0,-451.07,365.78,6.9955,"{""TS"":0.585709,""NS"":0.361107,""CDS"":0.495868,""wT"":0.6,""wN"":0.4}",score>buy,19180577408
2025-11-07T20:37:09.885071+00:00,portfolio_max_autotrader,TWLO,BUY,0.0001,126.66654,10.0,0.0,0.0,-0.01,365.77,0.0001,"{""TS"":0.517713,""NS"":0.407905,""CDS"":0.47379,""wT"":0.6,""wN"":0.4}",score>buy,19180577408
2025-11-07T20:37:56.380339+00:00,portfolio_max_autotrader,QUBT,SELL,3.0,12.56742,10.0,0.0,0.0,37.7,403.47,9.39,"{""TS"":-0.61378,""NS"":0.014566,""CDS"":-0.362442,""wT"":0.6,""wN"":0.4}",score<sell,19180594535
2025-11-07T20:37:56.380512+00:00,portfolio_max_autotrader,VTI,SELL,1.0,328.52115,10.0,0.0,0.0,328.52,731.99,5.48,"{""TS"":-0.531135,""NS"":0.094351,""CDS"":-0.28094,""wT"":0.6,""wN"":0.4}",score<sell,19180594535
2025-11-07T20:37:56.380660+00:00,portfolio_max_autotrader,JPM,BUY,1.1675,313.6133,10.0,0.0,0.0,-366.14,365.85,8.163,"{""TS"":0.585709,""NS"":0.361107,""CDS"":0.495868,""wT"":0.6,""wN"":0.4}",score>buy,19180594535
2025-11-07T23:01:46.750952+00:00,portfolio_max_autotrader,QUBT,SELL,18.0,12.84714,10.0,0.0,0.0,231.25,231.25,57.39,"{""TS"":-0.603998,""NS"":-0.105808,""CDS"":-0.404722,""wT"":0.6,""wN"":0.4}",score<sell,19183518898
2025-11-07T23:01:46.751142+00:00,portfolio_max_autotrader,RKLB,SELL,1.0,51.583365,10.0,0.0,0.0,51.58,282.83,5.27,"{""TS"":-0.590189,""NS"":0.044213,""CDS"":-0.336428,""wT"":0.6,""wN"":0.4}",score<sell,19183518898
2025-11-07T23:01:46.751286+00:00,portfolio_max_autotrader,RGTI,SELL,2.0,33.731235,10.0,0.0,0.0,67.46,350.29,8.17,"{""TS"":-0.53846,""NS"":0.031849,""CDS"":-0.310336,""wT"":0.6,""wN"":0.4}",score<sell,19183518898
2025-11-07T23:01:46.751427+00:00,portfolio_max_autotrader,ASTS,SELL,2.0,69.14079,10.0,0.0,0.0,138.28,488.58,6.49,"{""TS"":-0.497663,""NS"":0.090178,""CDS"":-0.262526,""wT"":0.6,""wN"":0.4}",score<sell,19183518898
2025-11-10T16:55:13.841779+00:00,portfolio_max_autotrader,QBTS,SELL,57.0,28.63134,10.0,0.0,0.0,1631.99,2120.57,173.08,"{""TS"":-0.51779,""NS"":0.087341,""CDS"":-0.275738,""wT"":0.6,""wN"":0.4}",score<sell,19239221086
2025-11-10T16:55:13.842032+00:00,portfolio_max_autotrader,QUBT,SELL,14.0,12.66732,10.0,0.0,0.0,177.34,2297.91,43.39,"{""TS"":-0.612312,""NS"":-0.003588,""CDS"":-0.368823,""wT"":0.6,""wN"":0.4}",score<sell,19239221086
2025-11-10T16:55:13.842198+00:00,portfolio_max_autotrader,RGTI,SELL,2.0,32.88708,10.0,0.0,0.0,65.77,2363.68,6.17,"{""TS"":-0.554187,""NS"":0.105165,""CDS"":-0.290446,""wT"":0.6,""wN"":0.4}",score<sell,19239221086
2025-11-10T16:55:13.842359+00:00,portfolio_max_autotrader,DDOG,BUY,2.175623,198.40821,10.0,0.0,0.0,-431.66,1932.02,2.175623,"{""TS"":0.721208,""NS"":0.381871,""CDS"":0.585473,""wT"":0.6,""wN"":0.4}",score>buy|topped_by_rotation,19239221086
2025-11-10T16:55:13.842544+00:00,portfolio_max_autotrader,TTWO,SELL,0.276677,233.93583,10.0,0.0,0.0,64.72,1996.75,1.523323,"{""TS"":-0.650152,""NS"":0.017354,""CDS"":-0.38315,""wT"":0.6,""wN"":0.4}",rotation_upgrade,19239221086
2025-11-10T18:18:36.582616+00:00,portfolio_max_autotrader,QUBT,SELL,10.0,12.85713,10.0,0.0,0.0,128.57,2125.32,33.39,"{""TS"":-0.604071,""NS"":-0.10479,""CDS"":-0.404359,""wT"":0.6,""wN"":0.4}",score<sell,19241605959
2025-11-10T18:18:36.582836+00:00,portfolio_max_autotrader,RGTI,SELL,1.0,33.831135,10.0,0.0,0.0,33.83,2159.15,5.17,"{""TS"":-0.537366,""NS"":0.092234,""CDS"":-0.285526,""wT"":0.6,""wN"":0.4}",score<sell,19241605959
2025-11-10T18:18:36.583011+00:00,portfolio_max_autotrader,MDB,BUY,1.369537,374.60423,10.0,0.0,0.0,-513.03,1646.12,1.369537,"{""TS"":0.631475,""NS"":0.538656,""CDS"":0.594347,""wT"":0.6,""wN"":0.4}",score>buy|topped_by_rotation,19241605959
2025-11-10T18:18:36.583182+00:00,portfolio_max_autotrader,DDOG,BUY,2.5685759999999997,199.72953,10.0,0.0,0.0,-513.02,1133.1,4.744199,"{""TS"":0.72464,""NS"":0.370859,""CDS"":0.583127,""wT"":0.6,""wN"":0.4}",score>buy|topped_by_rotation,19241605959
2025-11-10T18:18:36.583330+00:00,portfolio_max_autotrader,BE,BUY,3.679611,139.424285,10.0,0.0,0.0,-513.03,620.07,3.679611,"{""TS"":0.565685,""NS"":0.604422,""CDS"":0.581179,""wT"":0.6,""wN"":0.4}",score>buy|topped_by_rotation,19241605959
2025-11-10T18:18:36.583515+00:00,portfolio_max_autotrader,GOOGL,BUY,0.7416259999999999,288.57829,10.0,0.0,0.0,-214.02,406.05,0.741626,"{""TS"":0.603248,""NS"":0.501256,""CDS"":0.562451,""wT"":0.6,""wN"":0.4}",score>buy|topped_by_rotation,19241605959
2025-11-10T18:18:36.583659+00:00,portfolio_max_autotrader,QUBT,SELL,10.8475,12.85713,10.0,0.0,0.0,139.47,545.52,22.5425,"{""TS"":-0.604071,""NS"":-0.10479,""CDS"":-0.404359,""wT"":0.6,""wN"":0.4}",rotation_upgrade,19241605959
2025-11-10T18:18:36.583791+00:00,portfolio_max_autotrader,TTWO,SELL,0.380831,233.681085,10.0,0.0,0.0,88.99,634.51,1.142492,"{""TS"":-0.655131,""NS"":0.012776,""CDS"":-0.387968,""wT"":0.6,""wN"":0.4}",rotation_upgrade,19241605959
2025-11-10T18:18:36.583940+00:00,portfolio_max_autotrader,RGTI,SELL,0.740999,33.831135,10.0,0.0,0.0,25.07,659.58,4.429001,"{""TS"":-0.537366,""NS"":0.092234,""CDS"":-0.285526,""wT"":0.6,""wN"":0.4}",rotation_upgrade,19241605959
2025-11-10T18:41:54.199979+00:00,portfolio_max_autotrader,QUBT,SELL,5.0,12.752235,10.0,0.0,0.0,63.76,723.34,17.5425,"{""TS"":-0.608917,""NS"":-0.101912,""CDS"":-0.406115,""wT"":0.6,""wN"":0.4}",score<sell,19242189622
2025-11-10T18:41:54.200119+00:00,portfolio_max_autotrader,RGTI,SELL,1.0,33.811155,10.0,0.0,0.0,33.81,757.15,3.429001,"{""TS"":-0.537953,""NS"":0.0915,""CDS"":-0.286172,""wT"":0.6,""wN"":0.4}",score<sell,19242189622
2025-11-10T18:41:54.200242+00:00,portfolio_max_autotrader,QUBT,SELL,5.635625,12.752235,10.0,0.0,0.0,71.87,829.02,11.906875,"{""TS"":-0.608917,""NS"":-0.101912,""CDS"":-0.406115,""wT"":0.6,""wN"":0.4}",rotation_upgrade,19242189622
2025-11-10T18:41:54.200339+00:00,portfolio_max_autotrader,TTWO,SELL,0.285623,234.49527,10.0,0.0,0.0,66.98,896.0,0.856869,"{""TS"":-0.639489,""NS"":0.050785,""CDS"":-0.363379,""wT"":0.6,""wN"":0.4}",rotation_upgrade,19242189622
2025-11-10T18:41:54.200427+00:00,portfolio_max_autotrader,RGTI,SELL,1.10725,33.811155,10.0,0.0,0.0,37.44,933.43,2.321751,"{""TS"":-0.537953,""NS"":0.0915,""CDS"":-0.286172,""wT"":0.6,""wN"":0.4}",rotation_upgrade,19242189622
2025-11-10T18:41:54.200514+00:00,portfolio_max_autotrader,QBTS,SELL,43.27,29.58039,10.0,0.0,0.0,1279.94,2213.38,129.81,"{""TS"":-0.497161,""NS"":0.124771,""CDS"":-0.248389,""wT"":0.6,""wN"":0.4}",rotation_upgrade,19242189622
2025-11-10T18:41:54.200599+00:00,portfolio_max_autotrader,ASTS,SELL,1.6225,68.945985,10.0,0.0,0.0,111.86,2325.24,4.8675,"{""TS"":-0.501386,""NS"":0.172749,""CDS"":-0.231732,""wT"":0.6,""wN"":0.4}",rotation_upgrade,19242189622
2025-11-10T18:41:54.200683+00:00,portfolio_max_autotrader,RKLB,SELL,1.3175,51.982965,10.0,0.0,0.0,68.49,2393.73,3.9525,"{""TS"":-0.579705,""NS"":0.307647,""CDS"":-0.224764,""wT"":0.6,""wN"":0.4}",rotation_upgrade,19242189622
2025-11-10T18:41:54.200774+00:00,portfolio_max_autotrader,VOO,SELL,0.057233,624.80457,10.0,0.0,0.0,35.76,2429.49,1.182767,"{""TS"":-0.313418,""NS"":0.023612,""CDS"":-0.178606,""wT"":0.6,""wN"":0.4}",rotation_upgrade,19242189622
2025-11-10T19:43:16.286384+00:00,portfolio_max_autotrader,QBTS,SELL,32.0,29.53044,10.0,0.0,0.0,944.97,3374.46,97.81,"{""TS"":-0.498704,""NS"":0.112289,""CDS"":-0.254307,""wT"":0.6,""wN"":0.4}",score<sell,19243919221
2025-11-10T19:43:16.286560+00:00,portfolio_max_autotrader,QUBT,SELL,2.0,12.882105,10.0,0.0,0.0,25.76,3400.23,9.906875,"{""TS"":-0.601737,""NS"":0.202795,""CDS"":-0.279924,""wT"":0.6,""wN"":0.4}",score<sell,19243919221
2025-11-10T19:43:16.286754+00:00,portfolio_max_autotrader,DDOG,BUY,9.800410999999999,201.22102,10.0,0.0,0.0,-1972.05,1428.18,14.54461,"{""TS"":0.7283,""NS"":0.400317,""CDS"":0.597107,""wT"":0.6,""wN"":0.4}",score>buy|topped_by_rotation,19243919221
2025-11-10T19:43:16.286925+00:00,portfolio_max_autotrader,SEDG,BUY,7.5e-05,48.00796,10.0,0.0,0.0,-0.0,1428.18,7.5e-05,"{""TS"":0.623267,""NS"":0.238037,""CDS"":0.469175,""wT"":0.6,""wN"":0.4}",score>buy,19243919221
2025-11-10T19:43:16.287111+00:00,portfolio_max_autotrader,TTWO,SELL,0.214217,232.99677,10.0,0.0,0.0,49.91,1478.09,0.642652,"{""TS"":-0.668911,""NS"":0.070588,""CDS"":-0.373111,""wT"":0.6,""wN"":0.4}",rotation_upgrade,19243919221
2025-11-10T19:43:16.287249+00:00,portfolio_max_autotrader,QUBT,SELL,2.976719,12.882105,10.0,0.0,0.0,38.35,1516.43,6.930156,"{""TS"":-0.601737,""NS"":0.202795,""CDS"":-0.279924,""wT"":0.6,""wN"":0.4}",rotation_upgrade,19243919221
2025-11-10T19:43:16.287383+00:00,portfolio_max_autotrader,RGTI,SELL,0.580438,33.70626,10.0,0.0,0.0,19.56,1536.0,1.741313,"{""TS"":-0.540745,""NS"":0.143376,""CDS"":-0.267096,""wT"":0.6,""wN"":0.4}",rotation_upgrade,19243919221
2025-11-10T19:43:16.287513+00:00,portfolio_max_autotrader,QBTS,SELL,1.354274,29.53044,10.0,0.0,0.0,39.99,1575.99,96.455726,"{""TS"":-0.498704,""NS"":0.112289,""CDS"":-0.254307,""wT"":0.6,""wN"":0.4}",rotation_upgrade,19243919221
2025-11-10T20:47:01.016298+00:00,portfolio_max_autotrader,QBTS,SELL,24.0,29.38059,10.0,0.0,0.0,705.13,2281.12,72.455726,"{""TS"":-0.502257,""NS"":0.114706,""CDS"":-0.255472,""wT"":0.6,""wN"":0.4}",score<sell,19245507436
2025-11-10T20:47:01.016502+00:00,portfolio_max_autotrader,QUBT,SELL,1.0,12.742245,10.0,0.0,0.0,12.74,2293.87,5.930156,"{""TS"":-0.609321,""NS"":-0.1131,""CDS"":-0.410833,""wT"":0.6,""wN"":0.4}",score<sell,19245507436
2025-11-10T20:47:01.016666+00:00,portfolio_max_autotrader,DOCN,BUY,7.5e-05,51.94189,10.0,0.0,0.0,-0.0,2293.86,9.000075,"{""TS"":0.683127,""NS"":0.174899,""CDS"":0.479836,""wT"":0.6,""wN"":0.4}",score>buy,19245507436
2025-11-10T20:47:01.016815+00:00,portfolio_max_autotrader,QUBT,SELL,1.732539,12.742245,10.0,0.0,0.0,22.08,2315.94,4.197617,"{""TS"":-0.609321,""NS"":-0.1131,""CDS"":-0.410833,""wT"":0.6,""wN"":0.4}",rotation_upgrade,19245507436
2025-11-10T20:47:01.016999+00:00,portfolio_max_autotrader,TTWO,SELL,0.160663,234.69507,10.0,0.0,0.0,37.71,2353.65,0.481989,"{""TS"":-0.635769,""NS"":0.069045,""CDS"":-0.353844,""wT"":0.6,""wN"":0.4}",rotation_upgrade,19245507436
2025-11-10T20:47:01.017140+00:00,portfolio_max_autotrader,RGTI,SELL,0.435328,33.2667,10.0,0.0,0.0,14.48,2368.13,1.305985,"{""TS"":-0.548107,""NS"":0.132374,""CDS"":-0.275915,""wT"":0.6,""wN"":0.4}",rotation_upgrade,19245507436
2025-11-10T20:47:01.017272+00:00,portfolio_max_autotrader,QBTS,SELL,24.113931,29.38059,10.0,0.0,0.0,708.48,3076.61,48.341795,"{""TS"":-0.502257,""NS"":0.114706,""CDS"":-0.255472,""wT"":0.6,""wN"":0.4}",rotation_upgrade,19245507436
2025-11-10T20:47:01.017417+00:00,portfolio_max_autotrader,RKLB,SELL,0.988125,51.76818,10.0,0.0,0.0,51.15,3127.76,2.964375,"{""TS"":-0.586173,""NS"":0.263405,""CDS"":-0.246342,""wT"":0.6,""wN"":0.4}",rotation_upgrade,19245507436
2025-11-10T20:47:01.017554+00:00,portfolio_max_autotrader,ASTS,SELL,1.216875,68.96097,10.0,0.0,0.0,83.92,3211.68,3.650625,"{""TS"":-0.501177,""NS"":0.164824,""CDS"":-0.234776,""wT"":0.6,""wN"":0.4}",rotation_upgrade,19245507436
2025-11-10T20:47:01.017691+00:00,portfolio_max_autotrader,VOO,SELL,0.295692,626.26311,10.0,0.0,0.0,185.18,3396.86,0.887075,"{""TS"":-0.298329,""NS"":0.102429,""CDS"":-0.138025,""wT"":0.6,""wN"":0.4}",rotation_upgrade,19245507436
2025-11-10T20:47:01.017834+00:00,portfolio_max_autotrader,HOOD,SELL,0.527963,136.7631,10.0,0.0,0.0,72.21,3469.07,3.472037,"{""TS"":-0.434878,""NS"":0.360914,""CDS"":-0.116561,""wT"":0.6,""wN"":0.4}",rotation_upgrade,19245507436
2025-11-11T17:15:33.460755+00:00,portfolio_max_autotrader,QUBT,SELL,1.0,11.823165,10.0,0.0,0.0,11.82,3480.89,3.197617,"{""TS"":-0.646341,""NS"":0.224568,""CDS"":-0.297977,""wT"":0.6,""wN"":0.4}",score<sell,19273178402
2025-11-11T17:15:33.460990+00:00,portfolio_max_autotrader,XOP,BUY,21.819918,134.7346,10.0,0.0,0.0,-2939.9,541.0,21.819918,"{""TS"":0.63052,""NS"":0.480682,""CDS"":0.570585,""wT"":0.6,""wN"":0.4}",score>buy|topped_by_rotation,19273178402
2025-11-11T17:15:33.461155+00:00,portfolio_max_autotrader,RGTI,SELL,0.326496,30.68928,10.0,0.0,0.0,10.02,551.02,0.979489,"{""TS"":-0.591035,""NS"":0.059586,""CDS"":-0.330786,""wT"":0.6,""wN"":0.4}",rotation_upgrade,19273178402
2025-11-11T17:15:33.461315+00:00,portfolio_max_autotrader,QUBT,SELL,1.049404,11.823165,10.0,0.0,0.0,12.41,563.42,2.148213,"{""TS"":-0.646341,""NS"":0.224568,""CDS"":-0.297977,""wT"":0.6,""wN"":0.4}",rotation_upgrade,19273178402
2025-11-11T17:15:33.461452+00:00,portfolio_max_autotrader,ASTS,SELL,0.912656,69.74019,10.0,0.0,0.0,63.65,627.07,2.737969,"{""TS"":-0.482519,""NS"":-0.016586,""CDS"":-0.296146,""wT"":0.6,""wN"":0.4}",rotation_upgrade,19273178402
2025-11-11T17:15:33.461587+00:00,portfolio_max_autotrader,TTWO,SELL,0.120497,238.761,10.0,0.0,0.0,28.77,655.84,0.361492,"{""TS"":-0.558664,""NS"":0.168278,""CDS"":-0.267887,""wT"":0.6,""wN"":0.4}",rotation_upgrade,19273178402
2025-11-11T17:15:33.461720+00:00,portfolio_max_autotrader,NVDA,SELL,0.875,192.562245,10.0,0.0,0.0,168.49,824.33,2.625,"{""TS"":-0.380806,""NS"":-0.002389,""CDS"":-0.229439,""wT"":0.6,""wN"":0.4}",rotation_upgrade,19273178402
2025-11-11T17:15:33.461856+00:00,portfolio_max_autotrader,QBTS,SELL,12.085449,28.7712,10.0,0.0,0.0,347.71,1172.05,36.256346,"{""TS"":-0.517805,""NS"":0.242375,""CDS"":-0.213733,""wT"":0.6,""wN"":0.4}",rotation_upgrade,19273178402
2025-11-11T17:15:33.462018+00:00,portfolio_max_autotrader,RKLB,SELL,0.741094,53.23671,10.0,0.0,0.0,39.45,1211.5,2.223281,"{""TS"":-0.540657,""NS"":0.311454,""CDS"":-0.199813,""wT"":0.6,""wN"":0.4}",rotation_upgrade,19273178402
2025-11-11T17:15:33.462163+00:00,portfolio_max_autotrader,HOOD,SELL,0.868009,131.48838,10.0,0.0,0.0,114.13,1325.63,2.604028,"{""TS"":-0.482508,""NS"":0.238215,""CDS"":-0.194219,""wT"":0.6,""wN"":0.4}",rotation_upgrade,19273178402
2025-11-11T17:15:33.462298+00:00,portfolio_max_autotrader,MSFT,SELL,0.375,503.70579,10.0,0.0,0.0,188.89,1514.52,1.125,"{""TS"":-0.52654,""NS"":0.31791,""CDS"":-0.18876,""wT"":0.6,""wN"":0.4}",rotation_upgrade,19273178402
2025-11-11T17:15:33.462438+00:00,portfolio_max_autotrader,AMD,SELL,0.75,238.87089,10.0,0.0,0.0,179.15,1693.68,2.25,"{""TS"":-0.455725,""NS"":0.236391,""CDS"":-0.178878,""wT"":0.6,""wN"":0.4}",rotation_upgrade,19273178402
2025-11-11T17:15:33.462567+00:00,portfolio_max_autotrader,VOO,SELL,0.221769,625.03434,10.0,0.0,0.0,138.61,1832.29,0.665306,"{""TS"":-0.314951,""NS"":0.063661,""CDS"":-0.163506,""wT"":0.6,""wN"":0.4}",rotation_upgrade,19273178402
2025-11-11T17:15:33.462695+00:00,portfolio_max_autotrader,VTI,SELL,0.443252,334.32534,10.0,0.0,0.0,148.19,1980.48,9.036748,"{""TS"":-0.316785,""NS"":0.115448,""CDS"":-0.143892,""wT"":0.6,""wN"":0.4}",rotation_upgrade,19273178402
2025-11-11T19:42:41.158025+00:00,portfolio_max_autotrader,ASTS,SELL,1.0,68.39154,10.0,0.0,0.0,68.39,188.39,6.49,"{""TS"":-0.510344,""NS"":-0.024784,""CDS"":-0.31612,""wT"":0.6,""wN"":0.4}",score<sell,19276625885
2025-11-11T19:42:41.158256+00:00,portfolio_max_autotrader,RGTI,SELL,1.0,31.5684,10.0,0.0,0.0,31.57,219.96,5.17,"{""TS"":-0.578127,""NS"":0.116332,""CDS"":-0.300343,""wT"":0.6,""wN"":0.4}",score<sell,19276625885
2025-11-11T19:42:41.158431+00:00,portfolio_max_autotrader,RKLB,SELL,1.0,52.20774,10.0,0.0,0.0,52.21,272.17,5.27,"{""TS"":-0.572925,""NS"":0.221235,""CDS"":-0.255261,""wT"":0.6,""wN"":0.4}",score<sell,19276625885
2025-11-11T19:42:41.158576+00:00,portfolio_max_autotrader,ASTS,SELL,1.8725,68.39154,10.0,0.0,0.0,128.06,400.23,4.6175,"{""TS"":-0.510344,""NS"":-0.024784,""CDS"":-0.31612,""wT"":0.6,""wN"":0.4}",rotation_upgrade,19276625885
2025-11-11T19:42:41.158709+00:00,portfolio_max_autotrader,RGTI,SELL,1.5425,31.5684,10.0,0.0,0.0,48.69,448.93,3.6275,"{""TS"":-0.578127,""NS"":0.116332,""CDS"":-0.300343,""wT"":0.6,""wN"":0.4}",rotation_upgrade,19276625885
2025-11-11T19:42:41.158840+00:00,portfolio_max_autotrader,RKLB,SELL,1.5675,52.20774,10.0,0.0,0.0,81.84,530.76,3.7025,"{""TS"":-0.572925,""NS"":0.221235,""CDS"":-0.255261,""wT"":0.6,""wN"":0.4}",rotation_upgrade,19276625885
2025-11-11T19:42:41.158977+00:00,portfolio_max_autotrader,VOO,SELL,0.31,627.39198,10.0,0.0,0.0,194.49,725.25,0.93,"{""TS"":-0.285193,""NS"":-0.150119,""CDS"":-0.231163,""wT"":0.6,""wN"":0.4}",rotation_upgrade,19276625885
2025-11-11T19:42:41.159107+00:00,portfolio_max_autotrader,MSFT,SELL,0.375,508.57092,10.0,0.0,0.0,190.71,915.97,1.125,"{""TS"":-0.474035,""NS"":0.21806,""CDS"":-0.197197,""wT"":0.6,""wN"":0.4}",rotation_upgrade,19276625885
2025-11-11T19:42:41.159270+00:00,portfolio_max_autotrader,VTI,SELL,2.37,335.51415,10.0,0.0,0.0,795.17,1711.13,7.11,"{""TS"":-0.289715,""NS"":-0.052764,""CDS"":-0.194935,""wT"":0.6,""wN"":0.4}",rotation_upgrade,19276625885
2025-11-11T19:42:41.159408+00:00,portfolio_max_autotrader,QBTS,SELL,37.469543,29.26071,10.0,0.0,0.0,1096.39,2807.52,192.610457,"{""TS"":-0.506189,""NS"":0.317185,""CDS"":-0.176839,""wT"":0.6,""wN"":0.4}",rotation_upgrade,19276625885
2025-11-11T20:43:25.352214+00:00,portfolio_max_autotrader,ASTS,SELL,1.0,67.06287,10.0,0.0,0.0,67.06,2874.58,3.6175,"{""TS"":-0.529499,""NS"":-0.028384,""CDS"":-0.329053,""wT"":0.6,""wN"":0.4}",score<sell,19277958554
2025-11-11T20:43:25.352411+00:00,portfolio_max_autotrader,ASTS,SELL,1.154375,67.06287,10.0,0.0,0.0,77.42,2952.0,2.463125,"{""TS"":-0.529499,""NS"":-0.028384,""CDS"":-0.329053,""wT"":0.6,""wN"":0.4}",rotation_upgrade,19277958554
2025-11-11T20:43:25.352598+00:00,portfolio_max_autotrader,RGTI,SELL,0.906875,31.37859,10.0,0.0,0.0,28.46,2980.46,2.720625,"{""TS"":-0.581022,""NS"":0.104723,""CDS"":-0.306724,""wT"":0.6,""wN"":0.4}",rotation_upgrade,19277958554
2025-11-11T20:43:25.352760+00:00,portfolio_max_autotrader,RKLB,SELL,0.925625,51.35859,10.0,0.0,0.0,47.54,3027.99,2.776875,"{""TS"":-0.591917,""NS"":0.237966,""CDS"":-0.259964,""wT"":0.6,""wN"":0.4}",rotation_upgrade,19277958554
2025-11-11T20:43:25.352909+00:00,portfolio_max_autotrader,QBTS,SELL,14.702083,28.5714,10.0,0.0,0.0,420.06,3448.05,177.908374,"{""TS"":-0.522321,""NS"":0.267936,""CDS"":-0.206218,""wT"":0.6,""wN"":0.4}",rotation_upgrade,19277958554
2025-11-12T18:38:21.763327+00:00,portfolio_max_autotrader,ICLN,BUY,61.570769000000006,17.60759,10.0,0.0,0.0,-1084.11,2363.94,61.570769,"{""TS"":0.476728,""NS"":0.67471,""CDS"":0.555921,""wT"":0.6,""wN"":0.4}",score>buy|topped_by_rotation,19307984452
2025-11-12T18:38:21.763496+00:00,portfolio_max_autotrader,RGTI,SELL,0.680156,29.50047,10.0,0.0,0.0,20.06,2384.0,2.040469,"{""TS"":-0.611971,""NS"":0.061555,""CDS"":-0.342561,""wT"":0.6,""wN"":0.4}",rotation_upgrade,19307984452
2025-11-12T18:38:21.763695+00:00,portfolio_max_autotrader,ASTS,SELL,0.615781,64.72521,10.0,0.0,0.0,39.86,2423.86,1.847344,"{""TS"":-0.56417,""NS"":0.0486,""CDS"":-0.319062,""wT"":0.6,""wN"":0.4}",rotation_upgrade,19307984452
2025-11-12T18:38:21.763844+00:00,portfolio_max_autotrader,RKLB,SELL,0.694219,50.2497,10.0,0.0,0.0,34.88,2458.74,2.082656,"{""TS"":-0.610465,""NS"":0.184939,""CDS"":-0.292304,""wT"":0.6,""wN"":0.4}",rotation_upgrade,19307984452
2025-11-12T18:38:21.763980+00:00,portfolio_max_autotrader,QBTS,SELL,44.477094,27.32265,10.0,0.0,0.0,1215.23,3673.97,133.43128,"{""TS"":-0.553587,""NS"":0.307437,""CDS"":-0.209177,""wT"":0.6,""wN"":0.4}",rotation_upgrade,19307984452
2025-11-12T18:38:21.764124+00:00,portfolio_max_autotrader,VTI,SELL,1.7775,335.78388,10.0,0.0,0.0,596.86,4270.83,5.3325,"{""TS"":-0.283069,""NS"":0.067166,""CDS"":-0.142975,""wT"":0.6,""wN"":0.4}",rotation_upgrade,19307984452
2025-11-12T18:38:21.764303+00:00,portfolio_max_autotrader,ZS,SELL,0.325,318.5811,10.0,0.0,0.0,103.54,4374.37,0.975,"{""TS"":-0.463123,""NS"":0.357109,""CDS"":-0.135031,""wT"":0.6,""wN"":0.4}",rotation_upgrade,19307984452
2025-11-12T18:38:21.764438+00:00,portfolio_max_autotrader,PLTR,SELL,0.0025,182.00781,10.0,0.0,0.0,0.46,4374.82,0.0075,"{""TS"":-0.472412,""NS"":0.380065,""CDS"":-0.131421,""wT"":0.6,""wN"":0.4}",rotation_upgrade,19307984452
2025-11-12T18:38:21.764565+00:00,portfolio_max_autotrader,VOO,SELL,0.2325,627.81156,10.0,0.0,0.0,145.97,4520.79,0.6975,"{""TS"":-0.279193,""NS"":0.131415,""CDS"":-0.11495,""wT"":0.6,""wN"":0.4}",rotation_upgrade,19307984452
2025-11-12T18:38:21.764691+00:00,portfolio_max_autotrader,NVDA,SELL,0.036548,192.54726,10.0,0.0,0.0,7.04,4527.83,28.463452,"{""TS"":-0.382115,""NS"":0.291539,""CDS"":-0.112654,""wT"":0.6,""wN"":0.4}",rotation_upgrade,19307984452
2025-11-12T19:44:37.731722+00:00,portfolio_max_autotrader,QBTS,SELL,33.0,26.69328,10.0,0.0,0.0,880.88,5408.71,100.43128,"{""TS"":-0.56628,""NS"":0.167087,""CDS"":-0.272933,""wT"":0.6,""wN"":0.4}",score<sell,19309702151
2025-11-12T19:44:37.731911+00:00,portfolio_max_autotrader,ICLN,BUY,207.67428700000002,17.672655,10.0,0.0,0.0,-3670.16,1738.55,269.245056,"{""TS"":0.490318,""NS"":0.700359,""CDS"":0.616342,""wT"":0.4,""wN"":0.6}",score>buy|topped_by_rotation,19309702151
2025-11-12T19:44:37.732068+00:00,portfolio_max_autotrader,EFA,BUY,14.948187,96.64655,10.0,0.0,0.0,-1444.69,293.86,14.948187,"{""TS"":0.614153,""NS"":0.565725,""CDS"":0.594782,""wT"":0.6,""wN"":0.4}",score>buy|topped_by_rotation,19309702151
2025-11-12T19:44:37.732227+00:00,portfolio_max_autotrader,RGTI,SELL,0.510117,28.68129,10.0,0.0,0.0,14.63,308.49,1.530352,"{""TS"":-0.622771,""NS"":0.041835,""CDS"":-0.356929,""wT"":0.6,""wN"":0.4}",rotation_upgrade,19309702151
2025-11-12T19:44:37.732369+00:00,portfolio_max_autotrader,ASTS,SELL,0.461836,65.02491,10.0,0.0,0.0,30.03,338.52,1.385508,"{""TS"":-0.560399,""NS"":0.041386,""CDS"":-0.319685,""wT"":0.6,""wN"":0.4}",rotation_upgrade,19309702151
2025-11-12T19:44:37.732503+00:00,portfolio_max_autotrader,RKLB,SELL,0.520664,49.89006,10.0,0.0,0.0,25.98,364.5,1.561992,"{""TS"":-0.615738,""NS"":0.179559,""CDS"":-0.297619,""wT"":0.6,""wN"":0.4}",rotation_upgrade,19309702151
2025-11-12T19:44:37.732681+00:00,portfolio_max_autotrader,QBTS,SELL,33.35782,26.69328,10.0,0.0,0.0,890.43,1254.93,67.07346,"{""TS"":-0.56628,""NS"":0.167087,""CDS"":-0.272933,""wT"":0.6,""wN"":0.4}",rotation_upgrade,19309702151
2025-11-12T19:44:37.732814+00:00,portfolio_max_autotrader,NVDA,SELL,3.912226,191.982825,10.0,0.0,0.0,751.08,2006.01,24.551226,"{""TS"":-0.448603,""NS"":0.27331,""CDS"":-0.159838,""wT"":0.6,""wN"":0.4}",rotation_upgrade,19309702151
2025-11-12T20:43:58.163834+00:00,portfolio_max_autotrader,QBTS,SELL,16.0,26.19378,10.0,0.0,0.0,419.1,2425.11,51.07346,"{""TS"":-0.575604,""NS"":0.128429,""CDS"":-0.293991,""wT"":0.6,""wN"":0.4}",score<sell,19311238687
2025-11-12T20:43:58.164050+00:00,portfolio_max_autotrader,EFA,BUY,23.498771,96.691595,10.0,0.0,0.0,-2272.13,152.98,38.446958,"{""TS"":0.616572,""NS"":0.554046,""CDS"":0.591562,""wT"":0.6,""wN"":0.4}",score>buy|topped_by_rotation,19311238687
2025-11-12T20:43:58.164210+00:00,portfolio_max_autotrader,RGTI,SELL,0.382588,28.25172,10.0,0.0,0.0,10.81,163.79,1.147764,"{""TS"":-0.628058,""NS"":0.095826,""CDS"":-0.338504,""wT"":0.6,""wN"":0.4}",rotation_upgrade,19311238687
2025-11-12T20:43:58.164353+00:00,portfolio_max_autotrader,ASTS,SELL,0.346377,64.65528,10.0,0.0,0.0,22.4,186.18,1.039131,"{""TS"":-0.565035,""NS"":0.04053,""CDS"":-0.322809,""wT"":0.6,""wN"":0.4}",rotation_upgrade,19311238687
2025-11-12T20:43:58.164490+00:00,portfolio_max_autotrader,ZS,SELL,0.24375,317.67201,10.0,0.0,0.0,77.43,263.61,0.73125,"{""TS"":-0.470204,""NS"":-0.044186,""CDS"":-0.299797,""wT"":0.6,""wN"":0.4}",rotation_upgrade,19311238687
2025-11-12T20:43:58.164630+00:00,portfolio_max_autotrader,RKLB,SELL,0.390498,50.17977,10.0,0.0,0.0,19.6,283.21,1.171494,"{""TS"":-0.611509,""NS"":0.178454,""CDS"":-0.295524,""wT"":0.6,""wN"":0.4}",rotation_upgrade,19311238687
2025-11-12T20:43:58.164765+00:00,portfolio_max_autotrader,QBTS,SELL,16.768365,26.19378,10.0,0.0,0.0,439.23,722.44,34.305095,"{""TS"":-0.575604,""NS"":0.128429,""CDS"":-0.293991,""wT"":0.6,""wN"":0.4}",rotation_upgrade,19311238687
2025-11-12T20:43:58.164927+00:00,portfolio_max_autotrader,PLTR,SELL,0.001875,182.732085,10.0,0.0,0.0,0.34,722.78,0.005625,"{""TS"":-0.467417,""NS"":0.288394,""CDS"":-0.165093,""wT"":0.6,""wN"":0.4}",rotation_upgrade,19311238687
2025-11-12T20:43:58.165076+00:00,portfolio_max_autotrader,VOO,SELL,0.174375,627.74163,10.0,0.0,0.0,109.46,832.24,0.523125,"{""TS"":-0.280013,""NS"":0.072919,""CDS"":-0.13884,""wT"":0.6,""wN"":0.4}",rotation_upgrade,19311238687
2025-11-12T20:43:58.165214+00:00,portfolio_max_autotrader,HOOD,SELL,1.0,133.01685,10.0,0.0,0.0,133.02,965.26,3.0,"{""TS"":-0.466266,""NS"":0.40104,""CDS"":-0.119344,""wT"":0.6,""wN"":0.4}",rotation_upgrade,19311238687
2025-11-12T20:43:58.165343+00:00,portfolio_max_autotrader,NVDA,SELL,6.137806,192.45735,10.0,0.0,0.0,1181.27,2146.52,18.41342,"{""TS"":-0.383163,""NS"":0.283125,""CDS"":-0.116648,""wT"":0.6,""wN"":0.4}",rotation_upgrade,19311238687
2025-11-12T20:43:58.165467+00:00,portfolio_max_autotrader,MSFT,SELL,0.28125,510.61887,10.0,0.0,0.0,143.61,2290.13,0.84375,"{""TS"":-0.448722,""NS"":0.38382,""CDS"":-0.115705,""wT"":0.6,""wN"":0.4}",rotation_upgrade,19311238687
2025-11-12T20:43:58.165622+00:00,portfolio_max_autotrader,VTI,SELL,0.466515,335.72394,10.0,0.0,0.0,156.62,2446.75,4.865985,"{""TS"":-0.284382,""NS"":0.156419,""CDS"":-0.108062,""wT"":0.6,""wN"":0.4}",rotation_upgrade,19311238687
2025-11-13T04:56:43.912243+00:00,portfolio_max_autotrader,QBTS,SELL,8.0,26.19378,10.0,0.0,0.0,209.55,2656.3,26.305095,"{""TS"":-0.572596,""NS"":0.079847,""CDS"":-0.311618,""wT"":0.6,""wN"":0.4}",score<sell,19320933234
2025-11-13T04:56:43.912400+00:00,portfolio_max_autotrader,EFA,BUY,26.222253,96.691595,10.0,0.0,0.0,-2535.47,120.83,64.669211,"{""TS"":0.615503,""NS"":0.262877,""CDS"":0.474453,""wT"":0.6,""wN"":0.4}",score>buy|topped_by_rotation,19320933234
2025-11-13T04:56:43.912503+00:00,portfolio_max_autotrader,RGTI,SELL,0.286941,28.25172,10.0,0.0,0.0,8.11,128.94,0.860823,"{""TS"":-0.627757,""NS"":0.128704,""CDS"":-0.325173,""wT"":0.6,""wN"":0.4}",rotation_upgrade,19320933234
2025-11-13T04:56:43.912606+00:00,portfolio_max_autotrader,ASTS,SELL,0.259783,64.65528,10.0,0.0,0.0,16.8,145.73,0.779348,"{""TS"":-0.566872,""NS"":0.03597,""CDS"":-0.325735,""wT"":0.6,""wN"":0.4}",rotation_upgrade,19320933234
2025-11-13T04:56:43.912709+00:00,portfolio_max_autotrader,ZS,SELL,0.182812,317.67201,10.0,0.0,0.0,58.07,203.81,0.548438,"{""TS"":-0.476943,""NS"":0.268533,""CDS"":-0.178753,""wT"":0.6,""wN"":0.4}",rotation_upgrade,19320933234
2025-11-13T04:56:43.912893+00:00,portfolio_max_autotrader,RKLB,SELL,0.292874,50.17977,10.0,0.0,0.0,14.7,218.5,0.87862,"{""TS"":-0.615379,""NS"":0.169493,""CDS"":-0.301431,""wT"":0.6,""wN"":0.4}",rotation_upgrade,19320933234
2025-11-13T04:56:43.912989+00:00,portfolio_max_autotrader,QBTS,SELL,8.576274,26.19378,10.0,0.0,0.0,224.65,443.15,17.728821,"{""TS"":-0.572596,""NS"":0.079847,""CDS"":-0.311618,""wT"":0.6,""wN"":0.4}",rotation_upgrade,19320933234
2025-11-13T04:56:43.913080+00:00,portfolio_max_autotrader,PLTR,SELL,0.001406,182.732085,10.0,0.0,0.0,0.26,443.4,0.004219,"{""TS"":-0.458291,""NS"":0.252029,""CDS"":-0.174163,""wT"":0.6,""wN"":0.4}",rotation_upgrade,19320933234
2025-11-13T04:56:43.913180+00:00,portfolio_max_autotrader,VOO,SELL,0.130781,627.74163,10.0,0.0,0.0,82.1,525.5,0.392344,"{""TS"":-0.28131,""NS"":0.163933,""CDS"":-0.103213,""wT"":0.6,""wN"":0.4}",rotation_upgrade,19320933234
2025-11-13T04:56:43.913267+00:00,portfolio_max_autotrader,HOOD,SELL,0.75,133.01685,10.0,0.0,0.0,99.76,625.26,2.25,"{""TS"":-0.468676,""NS"":0.343881,""CDS"":-0.143653,""wT"":0.6,""wN"":0.4}",rotation_upgrade,19320933234
2025-11-13T04:56:43.913357+00:00,portfolio_max_autotrader,NVDA,SELL,1.001481,192.45735,10.0,0.0,0.0,192.74,818.01,17.411939,"{""TS"":-0.368526,""NS"":0.254586,""CDS"":-0.119281,""wT"":0.6,""wN"":0.4}",rotation_upgrade,19320933234
2025-11-13T05:22:06.848078+00:00,portfolio_max_autotrader,QBTS,SELL,4.0,26.358615,10.0,0.0,0.0,105.43,923.44,13.728821,"{""TS"":-0.572596,""NS"":0.053667,""CDS"":-0.322091,""wT"":0.6,""wN"":0.4}",score<sell,19321386956
2025-11-13T05:22:06.848286+00:00,portfolio_max_autotrader,RGTI,SELL,0.215206,28.276695,10.0,0.0,0.0,6.09,929.53,0.645617,"{""TS"":-0.627757,""NS"":0.11689,""CDS"":-0.329898,""wT"":0.6,""wN"":0.4}",rotation_upgrade,19321386956
2025-11-13T05:22:06.848448+00:00,portfolio_max_autotrader,ASTS,SELL,0.194837,64.50543,10.0,0.0,0.0,12.57,942.1,0.584511,"{""TS"":-0.566872,""NS"":0.035647,""CDS"":-0.325864,""wT"":0.6,""wN"":0.4}",rotation_upgrade,19321386956
2025-11-13T05:22:06.848595+00:00,portfolio_max_autotrader,QBTS,SELL,4.432205,26.358615,10.0,0.0,0.0,116.83,1058.92,9.296616,"{""TS"":-0.572596,""NS"":0.053667,""CDS"":-0.322091,""wT"":0.6,""wN"":0.4}",rotation_upgrade,19321386956
2025-11-13T05:22:06.848777+00:00,portfolio_max_autotrader,RKLB,SELL,0.219655,49.915035,10.0,0.0,0.0,10.96,1069.89,0.658965,"{""TS"":-0.615379,""NS"":0.184697,""CDS"":-0.295349,""wT"":0.6,""wN"":0.4}",rotation_upgrade,19321386956
2025-11-13T05:22:06.848924+00:00,portfolio_max_autotrader,ZS,SELL,0.137109,316.77291,10.0,0.0,0.0,43.43,1113.32,0.411329,"{""TS"":-0.476943,""NS"":0.266177,""CDS"":-0.179695,""wT"":0.6,""wN"":0.4}",rotation_upgrade,19321386956
2025-11-13T05:22:06.849065+00:00,portfolio_max_autotrader,PLTR,SELL,0.001055,184.00581,10.0,0.0,0.0,0.19,1113.52,0.003164,"{""TS"":-0.458291,""NS"":0.25908,""CDS"":-0.171343,""wT"":0.6,""wN"":0.4}",rotation_upgrade,19321386956
2025-11-13T05:22:06.849198+00:00,portfolio_max_autotrader,HOOD,SELL,0.5625,132.80706,10.0,0.0,0.0,74.7,1188.22,1.6875,"{""TS"":-0.468676,""NS"":0.340815,""CDS"":-0.144879,""wT"":0.6,""wN"":0.4}",rotation_upgrade,19321386956
2025-11-13T05:22:06.849329+00:00,portfolio_max_autotrader,MSFT,SELL,0.210938,510.82866,10.0,0.0,0.0,107.75,1295.97,0.632812,"{""TS"":-0.446306,""NS"":0.337139,""CDS"":-0.132928,""wT"":0.6,""wN"":0.4}",rotation_upgrade,19321386956
2025-11-13T05:22:06.849460+00:00,portfolio_max_autotrader,VTI,SELL,1.216496,335.519145,10.0,0.0,0.0,408.16,1704.13,3.649489,"{""TS"":-0.288952,""NS"":0.109827,""CDS"":-0.12944,""wT"":0.6,""wN"":0.4}",rotation_upgrade,19321386956
2025-11-13T05:22:06.849599+00:00,portfolio_max_autotrader,NVDA,SELL,4.352985,193.66614,10.0,0.0,0.0,843.03,2547.16,13.058954,"{""TS"":-0.368526,""NS"":0.252328,""CDS"":-0.120185,""wT"":0.6,""wN"":0.4}",rotation_upgrade,19321386956
2025-11-13T05:22:06.849756+00:00,portfolio_max_autotrader,VOO,SELL,0.098086,627.63174,10.0,0.0,0.0,61.56,2608.72,0.294258,"{""TS"":-0.28131,""NS"":0.183056,""CDS"":-0.095564,""wT"":0.6,""wN"":0.4}",rotation_upgrade,19321386956
2025-11-13T05:22:06.849889+00:00,portfolio_max_autotrader,SNOW,SELL,0.375,269.26047,10.0,0.0,0.0,100.97,2709.69,1.125,"{""TS"":-0.276958,""NS"":0.28344,""CDS"":-0.052799,""wT"":0.6,""wN"":0.4}",rotation_upgrade,19321386956
2025-11-13T05:22:06.850015+00:00,portfolio_max_autotrader,AMD,SELL,0.324662,258.6411,10.0,0.0,0.0,83.97,2793.66,2.675338,"{""TS"":-0.272465,""NS"":0.30021,""CDS"":-0.043395,""wT"":0.6,""wN"":0.4}",rotation_upgrade,19321386956
2025-11-13T20:45:06.265685+00:00,portfolio_max_autotrader,ASTS,SELL,1.0,61.823115,10.0,0.0,0.0,61.82,181.82,6.49,"{""TS"":-0.60117,""NS"":-0.152898,""CDS"":-0.421861,""wT"":0.6,""wN"":0.4}",score<sell,19345236431
2025-11-13T20:45:06.265879+00:00,portfolio_max_autotrader,QBTS,SELL,57.0,23.50647,10.0,0.0,0.0,1339.87,1521.69,173.08,"{""TS"":-0.624127,""NS"":0.005609,""CDS"":-0.372233,""wT"":0.6,""wN"":0.4}",score<sell,19345236431
2025-11-13T20:45:06.266028+00:00,portfolio_max_autotrader,RGTI,SELL,1.0,25.41456,10.0,0.0,0.0,25.41,1547.11,5.17,"{""TS"":-0.66411,""NS"":0.020478,""CDS"":-0.390275,""wT"":0.6,""wN"":0.4}",score<sell,19345236431
2025-11-13T20:45:06.266203+00:00,portfolio_max_autotrader,RKLB,SELL,1.0,45.489465,10.0,0.0,0.0,45.49,1592.6,5.27,"{""TS"":-0.672068,""NS"":0.236229,""CDS"":-0.308749,""wT"":0.6,""wN"":0.4}",score<sell,19345236431
2025-11-13T20:45:06.266352+00:00,portfolio_max_autotrader,ASTS,SELL,1.8725,61.823115,10.0,0.0,0.0,115.76,1708.36,4.6175,"{""TS"":-0.60117,""NS"":-0.152898,""CDS"":-0.421861,""wT"":0.6,""wN"":0.4}",rotation_upgrade,19345236431
2025-11-13T20:45:06.266487+00:00,portfolio_max_autotrader,RGTI,SELL,1.5425,25.41456,10.0,0.0,0.0,39.2,1747.56,3.6275,"{""TS"":-0.66411,""NS"":0.020478,""CDS"":-0.390275,""wT"":0.6,""wN"":0.4}",rotation_upgrade,19345236431
2025-11-13T20:45:06.266617+00:00,portfolio_max_autotrader,QBTS,SELL,57.52,23.50647,10.0,0.0,0.0,1352.09,3099.65,115.56,"{""TS"":-0.624127,""NS"":0.005609,""CDS"":-0.372233,""wT"":0.6,""wN"":0.4}",rotation_upgrade,19345236431
2025-11-13T20:45:06.266753+00:00,portfolio_max_autotrader,RKLB,SELL,1.05439,45.489465,10.0,0.0,0.0,47.96,3147.62,4.21561,"{""TS"":-0.672068,""NS"":0.236229,""CDS"":-0.308749,""wT"":0.6,""wN"":0.4}",rotation_upgrade,19345236431
2025-11-14T20:43:54.936323+00:00,portfolio_max_autotrader,ASTS,SELL,0.4,61.653285,10.0,0.0,0.0,24.66,3172.28,4.2175,"{""TS"":-0.558448,""NS"":-0.150702,""CDS"":-0.39535,""wT"":0.6,""wN"":0.4}",score<sell|guidance:oversold_avoid_full_sell,19377030738
2025-11-14T20:43:54.936448+00:00,portfolio_max_autotrader,HOOD,SELL,0.4,123.661215,10.0,0.0,0.0,49.46,3221.75,3.6,"{""TS"":-0.534264,""NS"":0.078056,""CDS"":-0.289336,""wT"":0.6,""wN"":0.4}",score<sell|guidance:oversold_avoid_full_sell,19377030738
2025-11-14T20:43:54.936568+00:00,portfolio_max_autotrader,QBTS,SELL,11.2,23.58639,10.0,0.0,0.0,264.17,3485.91,104.36,"{""TS"":-0.618793,""NS"":0.271488,""CDS"":-0.26268,""wT"":0.6,""wN"":0.4}",score<sell|guidance:oversold_avoid_full_sell,19377030738
2025-11-14T20:43:54.936661+00:00,portfolio_max_autotrader,RKLB,SELL,0.4,45.4545,10.0,0.0,0.0,18.18,3504.1,3.81561,"{""TS"":-0.626597,""NS"":0.208402,""CDS"":-0.292598,""wT"":0.6,""wN"":0.4}",score<sell|guidance:oversold_avoid_full_sell,19377030738
2025-11-14T20:43:54.936749+00:00,portfolio_max_autotrader,ABBV,BUY,6.6943839999999994,234.098865,10.0,0.0,0.0,-1567.15,1936.95,6.694384,"{""TS"":0.675874,""NS"":0.403774,""CDS"":0.567034,""wT"":0.6,""wN"":0.4}",score>buy|guidance:above_dip_level|topped_by_rotation,19377030738
2025-11-14T20:43:54.936840+00:00,portfolio_max_autotrader,XLE,BUY,7.49075,92.147055,10.0,0.0,0.0,-690.25,1246.7,7.49075,"{""TS"":0.687091,""NS"":0.264503,""CDS"":0.518056,""wT"":0.6,""wN"":0.4}",score>buy|guidance:above_dip_level|topped_by_rotation,19377030738
2025-11-14T20:43:54.936970+00:00,portfolio_max_autotrader,LYFT,BUY,13.862441,23.29327,10.0,0.0,0.0,-322.9,923.8,13.862441,"{""TS"":0.60837,""NS"":0.351386,""CDS"":0.505576,""wT"":0.6,""wN"":0.4}",score>buy|guidance:above_dip_level|near_or_above_trim_zone|topped_by_rotation,19377030738
2025-11-14T20:43:54.937058+00:00,portfolio_max_autotrader,SNAP,BUY,2.2e-05,8.543535,10.0,0.0,0.0,-0.0,923.8,2.2e-05,"{""TS"":0.499173,""NS"":0.180123,""CDS"":0.371553,""wT"":0.6,""wN"":0.4}",score>buy|guidance:above_dip_level,19377030738
2025-11-14T20:43:54.937145+00:00,portfolio_max_autotrader,ASTS,SELL,1.154375,61.653285,10.0,0.0,0.0,71.17,994.97,3.063125,"{""TS"":-0.558448,""NS"":-0.150702,""CDS"":-0.39535,""wT"":0.6,""wN"":0.4}",rotation_upgrade,19377030738
2025-11-14T20:43:54.937231+00:00,portfolio_max_autotrader,RGTI,SELL,0.906875,25.3746,10.0,0.0,0.0,23.01,1017.98,2.720625,"{""TS"":-0.662044,""NS"":0.105828,""CDS"":-0.354895,""wT"":0.6,""wN"":0.4}",rotation_upgrade,19377030738
2025-11-14T20:43:54.937315+00:00,portfolio_max_autotrader,RKLB,SELL,1.053902,45.4545,10.0,0.0,0.0,47.9,1065.88,2.761708,"{""TS"":-0.626597,""NS"":0.208402,""CDS"":-0.292598,""wT"":0.6,""wN"":0.4}",rotation_upgrade,19377030738
2025-11-14T20:43:54.937399+00:00,portfolio_max_autotrader,JPM,SELL,0.375,303.37632,10.0,0.0,0.0,113.77,1179.65,1.125,"{""TS"":-0.533797,""NS"":0.076086,""CDS"":-0.289844,""wT"":0.6,""wN"":0.4}",rotation_upgrade,19377030738
2025-11-14T20:43:54.937487+00:00,portfolio_max_autotrader,HOOD,SELL,1.0,123.661215,10.0,0.0,0.0,123.66,1303.31,2.6,"{""TS"":-0.534264,""NS"":0.078056,""CDS"":-0.289336,""wT"":0.6,""wN"":0.4}",rotation_upgrade,19377030738
2025-11-14T20:43:54.937571+00:00,portfolio_max_autotrader,QBTS,SELL,24.89798,23.58639,10.0,0.0,0.0,587.25,1890.56,79.46202,"{""TS"":-0.618793,""NS"":0.271488,""CDS"":-0.26268,""wT"":0.6,""wN"":0.4}",rotation_upgrade,19377030738
2025-11-17T14:45:55.543679+00:00,portfolio_max_autotrader,CIBR,BUY,12.471041,75.00493,10.0,0.0,0.0,-935.39,955.17,12.471041,"{""TS"":0.313015,""TS_daily"":-0.508492,""TS_intraday"":0.313015,""NS"":0.643195,""CDS"":0.445087,""wT"":0.6,""wN"":0.4}",score>buy|guidance:guidance_ok,19433481184
2025-11-17T20:51:13.053624+00:00,portfolio_max_autotrader,TSM,BUY,1.267741,281.7815,10.0,0.0,0.0,-357.23,597.94,1.267741,"{""TS"":0.417348,""TS_daily"":-0.552331,""TS_intraday"":0.417348,""NS"":0.362951,""CDS"":0.395589,""wT"":0.6,""wN"":0.4}",score>buy|guidance:guidance_ok|ema:ema_ok,19444046348
2025-11-17T20:51:13.053845+00:00,portfolio_max_autotrader,MRNA,BUY,0.000176,24.77475,10.0,0.0,0.0,-0.0,597.94,0.000176,"{""TS"":0.426454,""TS_daily"":-0.562144,""TS_intraday"":0.426454,""NS"":0.326548,""CDS"":0.386492,""wT"":0.6,""wN"":0.4}",score>buy|guidance:guidance_ok|ema:ema_ok,19444046348
