datetime_utc,portfolio,symbol,action,qty,price_exec,slippage_bps,liquidity_impact_bps,fees,gross_amount,post_trade_cash,post_trade_position,signal_snapshot,rationale,run_id
2025-11-04T04:10:41.663827+00:00,paper,ZS,BUY,1.1893,336.671335,10.0,0.0,0.0,-400.4,9599.6,1.1893,"{""TS"":0.533219,""NS"":0.558472,""CDS"":0.540267,""decision"":""Buy/Add"",""wT"":0.7209080098539418,""wN"":0.2790919901460583}",CDS>BuyThreshold,19057521482
2025-11-04T04:10:41.663851+00:00,paper,SNOW,BUY,1.4432,277.442165,10.0,0.0,0.0,-400.4,9199.19,1.4432,"{""TS"":0.608297,""NS"":0.384382,""CDS"":0.533474,""decision"":""Buy/Add"",""wT"":0.6658412189047718,""wN"":0.3341587810952283}",CDS>BuyThreshold,19057521482
2025-11-04T04:10:41.663861+00:00,paper,GOOGL,BUY,1.409,284.17389,10.0,0.0,0.0,-400.4,8798.79,1.409,"{""TS"":0.644459,""NS"":0.333062,""CDS"":0.525608,""decision"":""Buy/Add"",""wT"":0.618329127648438,""wN"":0.3816708723515621}",CDS>BuyThreshold,19057521482
2025-11-04T04:10:41.663890+00:00,paper,CRWD,BUY,0.5435,552.496945,10.0,0.0,0.0,-300.28,8498.51,0.5435,"{""TS"":0.572459,""NS"":0.386107,""CDS"":0.514399,""decision"":""Buy/Add"",""wT"":0.6884353463597244,""wN"":0.3115646536402756}",CDS>BuyThreshold,19057521482
2025-11-04T16:01:39.253270+00:00,paper,ZS,BUY,1.1891,336.671335,10.0,0.0,0.0,-400.34,8098.17,2.3784,"{""TS"":0.533219,""NS"":0.558472,""CDS"":0.540267,""decision"":""Buy/Add"",""wT"":0.7209080098539418,""wN"":0.2790919901460583}",CDS>BuyThreshold,19074834979
2025-11-04T16:01:39.253297+00:00,paper,SNOW,BUY,1.443,277.442165,10.0,0.0,0.0,-400.35,7697.83,2.8862,"{""TS"":0.608297,""NS"":0.384382,""CDS"":0.533474,""decision"":""Buy/Add"",""wT"":0.6658412189047718,""wN"":0.3341587810952283}",CDS>BuyThreshold,19074834979
2025-11-04T16:01:39.253307+00:00,paper,GOOGL,BUY,1.4088,284.17389,10.0,0.0,0.0,-400.34,7297.48,2.8178,"{""TS"":0.644459,""NS"":0.333062,""CDS"":0.525608,""decision"":""Buy/Add"",""wT"":0.618329127648438,""wN"":0.3816708723515621}",CDS>BuyThreshold,19074834979
2025-11-04T16:01:39.253319+00:00,paper,CRWD,BUY,0.5434,552.496945,10.0,0.0,0.0,-300.23,6997.25,1.0869,"{""TS"":0.572459,""NS"":0.386107,""CDS"":0.514399,""decision"":""Buy/Add"",""wT"":0.6884353463597244,""wN"":0.3115646536402756}",CDS>BuyThreshold,19074834979
2025-11-04T16:01:39.253327+00:00,paper,NET,BUY,0.0001,248.22798,10.0,0.0,0.0,-0.02,6997.23,0.0001,"{""TS"":0.560608,""NS"":0.40356,""CDS"":0.503202,""decision"":""Buy/Add"",""wT"":0.6344672378956655,""wN"":0.36553276210433444}",CDS>BuyThreshold,19074834979
2025-11-05T16:49:58.605667+00:00,portfolio_paper_aggressive_trades,DE,BUY,2.1348,468.89843,10.0,0.0,0.0,-1001.0,18999.0,2.1348,"{""TS"":0.473496,""NS"":0.769845,""CDS"":0.651306,""wT"":0.4,""wN"":0.6}",score>buy,19109491439
2025-11-05T16:49:58.605830+00:00,portfolio_paper_aggressive_trades,FSLR,BUY,3.5962,278.34807,10.0,0.0,0.0,-1001.0,17998.0,3.5962,"{""TS"":0.643473,""NS"":0.648136,""CDS"":0.645338,""wT"":0.6,""wN"":0.4}",score>buy,19109491439
2025-11-05T16:49:58.605925+00:00,portfolio_paper_aggressive_trades,AAPL,BUY,3.6995,270.58031,10.0,0.0,0.0,-1001.01,16996.99,3.6995,"{""TS"":0.596866,""NS"":0.378354,""CDS"":0.509461,""wT"":0.6,""wN"":0.4}",score>buy,19109491439
2025-11-05T16:49:58.606013+00:00,portfolio_paper_aggressive_trades,AMZN,BUY,4.013,249.43919,10.0,0.0,0.0,-1001.0,15995.99,4.013,"{""TS"":0.604403,""NS"":0.247918,""CDS"":0.461809,""wT"":0.6,""wN"":0.4}",score>buy,19109491439
2025-11-05T16:49:58.606706+00:00,portfolio_paper_reasonable,DE,BUY,1.2809,468.89843,10.0,0.0,0.0,-600.61,19399.39,1.2809,"{""TS"":0.473496,""NS"":0.769845,""CDS"":0.651306,""wT"":0.4,""wN"":0.6}",score>buy,19109491439
2025-11-05T16:49:58.606805+00:00,portfolio_paper_reasonable,FSLR,BUY,2.1577,278.34807,10.0,0.0,0.0,-600.59,18798.8,2.1577,"{""TS"":0.643473,""NS"":0.648136,""CDS"":0.645338,""wT"":0.6,""wN"":0.4}",score>buy,19109491439
2025-11-05T16:49:58.606895+00:00,portfolio_paper_reasonable,AAPL,BUY,2.2197,270.58031,10.0,0.0,0.0,-600.61,18198.19,2.2197,"{""TS"":0.596866,""NS"":0.378354,""CDS"":0.509461,""wT"":0.6,""wN"":0.4}",score>buy,19109491439
2025-11-05T16:49:58.606976+00:00,portfolio_paper_reasonable,AMZN,BUY,2.4078,249.43919,10.0,0.0,0.0,-600.6,17597.59,2.4078,"{""TS"":0.604403,""NS"":0.247918,""CDS"":0.461809,""wT"":0.6,""wN"":0.4}",score>buy,19109491439
2025-11-05T16:49:58.607063+00:00,portfolio_paper_reasonable,SNOW,BUY,2.2389,268.252985,10.0,0.0,0.0,-600.59,16997.0,2.2389,"{""TS"":0.518671,""NS"":0.348123,""CDS"":0.450452,""wT"":0.6,""wN"":0.4}",score>buy,19109491439
2025-11-05T17:14:54.405220+00:00,portfolio_paper_aggressive_trades,FSLR,BUY,3.5932,278.583305,10.0,0.0,0.0,-1001.01,18998.99,3.5932,"{""TS"":0.644195,""NS"":0.345878,""CDS"":0.524868,""wT"":0.6,""wN"":0.4}",score>buy,19110209539
2025-11-05T17:14:54.405467+00:00,portfolio_paper_aggressive_trades,AAPL,BUY,3.7073,270.00974,10.0,0.0,0.0,-1001.01,17997.99,3.7073,"{""TS"":0.576213,""NS"":0.428139,""CDS"":0.516983,""wT"":0.6,""wN"":0.4}",score>buy,19110209539
2025-11-05T17:14:54.405592+00:00,portfolio_paper_aggressive_trades,GOOGL,BUY,3.5272,283.79351,10.0,0.0,0.0,-1001.0,16996.99,3.5272,"{""TS"":0.625313,""NS"":0.190919,""CDS"":0.451555,""wT"":0.6,""wN"":0.4}",score>buy,19110209539
2025-11-05T17:14:54.405683+00:00,portfolio_paper_aggressive_trades,SNOW,BUY,3.7433,267.40714,10.0,0.0,0.0,-1000.99,15996.01,3.7433,"{""TS"":0.510579,""NS"":0.359551,""CDS"":0.450168,""wT"":0.6,""wN"":0.4}",score>buy,19110209539
2025-11-05T17:14:54.405768+00:00,portfolio_paper_aggressive_trades,ARCC,BUY,0.0003,20.36034,10.0,0.0,0.0,-0.01,15996.0,0.0003,"{""TS"":0.47327,""NS"":0.247141,""CDS"":0.382818,""wT"":0.6,""wN"":0.4}",score>buy,19110209539
2025-11-05T17:14:54.406562+00:00,portfolio_paper_reasonable,FSLR,BUY,2.1559,278.583305,10.0,0.0,0.0,-600.6,19399.4,2.1559,"{""TS"":0.644195,""NS"":0.345878,""CDS"":0.524868,""wT"":0.6,""wN"":0.4}",score>buy,19110209539
2025-11-05T17:14:54.406666+00:00,portfolio_paper_reasonable,AAPL,BUY,2.2244,270.00974,10.0,0.0,0.0,-600.61,18798.79,2.2244,"{""TS"":0.576213,""NS"":0.428139,""CDS"":0.516983,""wT"":0.6,""wN"":0.4}",score>buy,19110209539
2025-11-05T17:14:54.406751+00:00,portfolio_paper_reasonable,GOOGL,BUY,2.1163,283.79351,10.0,0.0,0.0,-600.59,18198.2,2.1163,"{""TS"":0.625313,""NS"":0.190919,""CDS"":0.451555,""wT"":0.6,""wN"":0.4}",score>buy,19110209539
2025-11-05T17:14:54.406833+00:00,portfolio_paper_reasonable,SNOW,BUY,2.246,267.40714,10.0,0.0,0.0,-600.6,17597.6,2.246,"{""TS"":0.510579,""NS"":0.359551,""CDS"":0.450168,""wT"":0.6,""wN"":0.4}",score>buy,19110209539
2025-11-05T17:14:54.406909+00:00,portfolio_paper_reasonable,AMZN,BUY,2.4099,249.223975,10.0,0.0,0.0,-600.6,16997.0,2.4099,"{""TS"":0.601351,""NS"":0.21364,""CDS"":0.446267,""wT"":0.6,""wN"":0.4}",score>buy,19110209539
2025-11-05T18:20:14.025748+00:00,portfolio_paper_aggressive_trades,FSLR,BUY,3.5831,279.36909,10.0,0.0,0.0,-1001.01,18998.99,3.5831,"{""TS"":0.646571,""NS"":0.345878,""CDS"":0.526294,""wT"":0.6,""wN"":0.4}",score>buy,19111996166
2025-11-05T18:20:14.025915+00:00,portfolio_paper_aggressive_trades,AAPL,BUY,3.6956,270.86059,10.0,0.0,0.0,-1000.99,17998.0,3.6956,"{""TS"":0.601681,""NS"":0.395148,""CDS"":0.519068,""wT"":0.6,""wN"":0.4}",score>buy,19111996166
2025-11-05T18:20:14.026011+00:00,portfolio_paper_aggressive_trades,SNOW,BUY,3.7414,267.54728,10.0,0.0,0.0,-1001.0,16997.0,3.7414,"{""TS"":0.511948,""NS"":0.361827,""CDS"":0.451899,""wT"":0.6,""wN"":0.4}",score>buy,19111996166
2025-11-05T18:20:14.026097+00:00,portfolio_paper_aggressive_trades,AMZN,BUY,3.9954,250.54029,10.0,0.0,0.0,-1001.01,15995.99,3.9954,"{""TS"":0.612414,""NS"":0.196064,""CDS"":0.445874,""wT"":0.6,""wN"":0.4}",score>buy,19111996166
2025-11-05T18:20:14.026894+00:00,portfolio_paper_reasonable,FSLR,BUY,2.1498,279.36909,10.0,0.0,0.0,-600.59,19399.41,2.1498,"{""TS"":0.646571,""NS"":0.345878,""CDS"":0.526294,""wT"":0.6,""wN"":0.4}",score>buy,19111996166
2025-11-05T18:20:14.026993+00:00,portfolio_paper_reasonable,AAPL,BUY,2.2174,270.86059,10.0,0.0,0.0,-600.61,18798.81,2.2174,"{""TS"":0.601681,""NS"":0.395148,""CDS"":0.519068,""wT"":0.6,""wN"":0.4}",score>buy,19111996166
2025-11-05T18:20:14.027081+00:00,portfolio_paper_reasonable,SNOW,BUY,2.2448,267.54728,10.0,0.0,0.0,-600.59,18198.22,2.2448,"{""TS"":0.511948,""NS"":0.361827,""CDS"":0.451899,""wT"":0.6,""wN"":0.4}",score>buy,19111996166
2025-11-05T18:20:14.027172+00:00,portfolio_paper_reasonable,AMZN,BUY,2.3972,250.54029,10.0,0.0,0.0,-600.6,17597.62,2.3972,"{""TS"":0.612414,""NS"":0.196064,""CDS"":0.445874,""wT"":0.6,""wN"":0.4}",score>buy,19111996166
2025-11-05T18:20:14.027286+00:00,portfolio_paper_reasonable,ARCC,BUY,29.4118,20.4204,10.0,0.0,0.0,-600.6,16997.02,29.4118,"{""TS"":0.489173,""NS"":0.374978,""CDS"":0.443495,""wT"":0.6,""wN"":0.4}",score>buy,19111996166
2025-11-05T18:20:14.027369+00:00,portfolio_paper_reasonable,GOOGL,BUY,0.0001,283.50322,10.0,0.0,0.0,-0.03,16996.99,0.0001,"{""TS"":0.623437,""NS"":0.162449,""CDS"":0.439042,""wT"":0.6,""wN"":0.4}",score>buy,19111996166
2025-11-05T19:12:56.334933+00:00,portfolio_paper_aggressive_trades,FSLR,BUY,3.5702,280.3801,10.0,0.0,0.0,-1001.01,18998.99,3.5702,"{""TS"":0.649548,""NS"":0.344664,""CDS"":0.527594,""wT"":0.6,""wN"":0.4}",score>buy,19113372209
2025-11-05T19:12:56.335076+00:00,portfolio_paper_aggressive_trades,AAPL,BUY,3.6876,271.45118,10.0,0.0,0.0,-1001.0,17997.98,3.6876,"{""TS"":0.611218,""NS"":0.359408,""CDS"":0.510494,""wT"":0.6,""wN"":0.4}",score>buy,19113372209
2025-11-05T19:12:56.335172+00:00,portfolio_paper_aggressive_trades,SNOW,BUY,3.7489,267.011745,10.0,0.0,0.0,-1001.0,16996.98,3.7489,"{""TS"":0.506656,""NS"":0.351891,""CDS"":0.44475,""wT"":0.6,""wN"":0.4}",score>buy,19113372209
2025-11-05T19:12:56.335260+00:00,portfolio_paper_aggressive_trades,AMZN,BUY,4.0099,249.62938,10.0,0.0,0.0,-1000.99,15995.99,4.0099,"{""TS"":0.607128,""NS"":0.200501,""CDS"":0.444477,""wT"":0.6,""wN"":0.4}",score>buy,19113372209
2025-11-05T19:12:56.335970+00:00,portfolio_paper_reasonable,FSLR,BUY,2.1421,280.3801,10.0,0.0,0.0,-600.6,19399.4,2.1421,"{""TS"":0.649548,""NS"":0.344664,""CDS"":0.527594,""wT"":0.6,""wN"":0.4}",score>buy,19113372209
2025-11-05T19:12:56.336066+00:00,portfolio_paper_reasonable,AAPL,BUY,2.2126,271.45118,10.0,0.0,0.0,-600.61,18798.78,2.2126,"{""TS"":0.611218,""NS"":0.359408,""CDS"":0.510494,""wT"":0.6,""wN"":0.4}",score>buy,19113372209
2025-11-05T19:12:56.336153+00:00,portfolio_paper_reasonable,SNOW,BUY,2.2493,267.011745,10.0,0.0,0.0,-600.59,18198.2,2.2493,"{""TS"":0.506656,""NS"":0.351891,""CDS"":0.44475,""wT"":0.6,""wN"":0.4}",score>buy,19113372209
2025-11-05T19:12:56.336235+00:00,portfolio_paper_reasonable,AMZN,BUY,2.406,249.62938,10.0,0.0,0.0,-600.61,17597.59,2.406,"{""TS"":0.607128,""NS"":0.200501,""CDS"":0.444477,""wT"":0.6,""wN"":0.4}",score>buy,19113372209
2025-11-05T19:12:56.336313+00:00,portfolio_paper_reasonable,GOOGL,BUY,2.0973,286.35607,10.0,0.0,0.0,-600.57,16997.01,2.0973,"{""TS"":0.64057,""NS"":0.148581,""CDS"":0.443775,""wT"":0.6,""wN"":0.4}",score>buy,19113372209
2025-11-05T19:12:56.336389+00:00,portfolio_paper_reasonable,ARCC,BUY,0.0006,20.40038,10.0,0.0,0.0,-0.01,16997.0,0.0006,"{""TS"":0.484031,""NS"":0.374978,""CDS"":0.44041,""wT"":0.6,""wN"":0.4}",score>buy,19113372209
2025-11-05T19:39:27.387466+00:00,portfolio_paper_aggressive_trades,FSLR,BUY,3.5702,280.3801,10.0,0.0,0.0,-1001.01,18998.99,3.5702,"{""TS"":0.649548,""NS"":0.344664,""CDS"":0.527594,""wT"":0.6,""wN"":0.4}",score>buy,19114118826
2025-11-05T19:39:27.387593+00:00,portfolio_paper_aggressive_trades,AAPL,BUY,3.6876,271.45118,10.0,0.0,0.0,-1001.0,17997.98,3.6876,"{""TS"":0.611218,""NS"":0.359408,""CDS"":0.510494,""wT"":0.6,""wN"":0.4}",score>buy,19114118826
2025-11-05T19:39:27.387710+00:00,portfolio_paper_aggressive_trades,SNOW,BUY,3.7489,267.011745,10.0,0.0,0.0,-1001.0,16996.98,3.7489,"{""TS"":0.506656,""NS"":0.351891,""CDS"":0.44475,""wT"":0.6,""wN"":0.4}",score>buy,19114118826
2025-11-05T19:39:27.387799+00:00,portfolio_paper_aggressive_trades,AMZN,BUY,4.0099,249.62938,10.0,0.0,0.0,-1000.99,15995.99,4.0099,"{""TS"":0.607128,""NS"":0.200501,""CDS"":0.444477,""wT"":0.6,""wN"":0.4}",score>buy,19114118826
2025-11-05T19:39:27.388466+00:00,portfolio_paper_reasonable,FSLR,BUY,2.1421,280.3801,10.0,0.0,0.0,-600.6,19399.4,2.1421,"{""TS"":0.649548,""NS"":0.344664,""CDS"":0.527594,""wT"":0.6,""wN"":0.4}",score>buy,19114118826
2025-11-05T19:39:27.388566+00:00,portfolio_paper_reasonable,AAPL,BUY,2.2126,271.45118,10.0,0.0,0.0,-600.61,18798.78,2.2126,"{""TS"":0.611218,""NS"":0.359408,""CDS"":0.510494,""wT"":0.6,""wN"":0.4}",score>buy,19114118826
2025-11-05T19:39:27.388674+00:00,portfolio_paper_reasonable,SNOW,BUY,2.2493,267.011745,10.0,0.0,0.0,-600.59,18198.2,2.2493,"{""TS"":0.506656,""NS"":0.351891,""CDS"":0.44475,""wT"":0.6,""wN"":0.4}",score>buy,19114118826
2025-11-05T19:39:27.388758+00:00,portfolio_paper_reasonable,AMZN,BUY,2.406,249.62938,10.0,0.0,0.0,-600.61,17597.59,2.406,"{""TS"":0.607128,""NS"":0.200501,""CDS"":0.444477,""wT"":0.6,""wN"":0.4}",score>buy,19114118826
2025-11-05T19:39:27.388835+00:00,portfolio_paper_reasonable,GOOGL,BUY,2.0973,286.35607,10.0,0.0,0.0,-600.57,16997.01,2.0973,"{""TS"":0.64057,""NS"":0.148581,""CDS"":0.443775,""wT"":0.6,""wN"":0.4}",score>buy,19114118826
2025-11-05T19:39:27.388907+00:00,portfolio_paper_reasonable,ARCC,BUY,0.0006,20.40038,10.0,0.0,0.0,-0.01,16997.0,0.0006,"{""TS"":0.484031,""NS"":0.374978,""CDS"":0.44041,""wT"":0.6,""wN"":0.4}",score>buy,19114118826
2025-11-05T20:16:23.769910+00:00,portfolio_paper_aggressive_trades,FSLR,BUY,3.5722,280.21994,10.0,0.0,0.0,-1001.0,18999.0,3.5722,"{""TS"":0.649082,""NS"":0.345878,""CDS"":0.5278,""wT"":0.6,""wN"":0.4}",score>buy,19115008754
2025-11-05T20:16:23.770078+00:00,portfolio_paper_aggressive_trades,AAPL,BUY,3.7082,269.93967,10.0,0.0,0.0,-1000.99,17998.01,3.7082,"{""TS"":0.573508,""NS"":0.332286,""CDS"":0.477019,""wT"":0.6,""wN"":0.4}",score>buy,19115008754
2025-11-05T20:16:23.770174+00:00,portfolio_paper_aggressive_trades,SNOW,BUY,3.7646,265.89563,10.0,0.0,0.0,-1000.99,16997.02,3.7646,"{""TS"":0.495063,""NS"":0.352759,""CDS"":0.438142,""wT"":0.6,""wN"":0.4}",score>buy,19115008754
2025-11-05T20:16:23.770259+00:00,portfolio_paper_aggressive_trades,ARCC,BUY,49.1039,20.385365,10.0,0.0,0.0,-1001.0,15996.02,49.1039,"{""TS"":0.480072,""NS"":0.362649,""CDS"":0.433103,""wT"":0.6,""wN"":0.4}",score>buy,19115008754
2025-11-05T20:16:23.770339+00:00,portfolio_paper_aggressive_trades,GOOGL,BUY,0.0001,284.35407,10.0,0.0,0.0,-0.03,15995.99,0.0001,"{""TS"":0.628844,""NS"":0.139216,""CDS"":0.432993,""wT"":0.6,""wN"":0.4}",score>buy,19115008754
2025-11-05T20:16:23.771117+00:00,portfolio_paper_reasonable,FSLR,BUY,2.1433,280.21994,10.0,0.0,0.0,-600.6,19399.4,2.1433,"{""TS"":0.649082,""NS"":0.345878,""CDS"":0.5278,""wT"":0.6,""wN"":0.4}",score>buy,19115008754
2025-11-05T20:16:23.771221+00:00,portfolio_paper_reasonable,AAPL,BUY,2.2249,269.93967,10.0,0.0,0.0,-600.59,18798.82,2.2249,"{""TS"":0.573508,""NS"":0.332286,""CDS"":0.477019,""wT"":0.6,""wN"":0.4}",score>buy,19115008754
2025-11-05T20:16:23.771309+00:00,portfolio_paper_reasonable,SNOW,BUY,2.2588,265.89563,10.0,0.0,0.0,-600.61,18198.21,2.2588,"{""TS"":0.495063,""NS"":0.352759,""CDS"":0.438142,""wT"":0.6,""wN"":0.4}",score>buy,19115008754
2025-11-05T20:16:23.771395+00:00,portfolio_paper_reasonable,ARCC,BUY,29.4623,20.385365,10.0,0.0,0.0,-600.6,17597.61,29.4623,"{""TS"":0.480072,""NS"":0.362649,""CDS"":0.433103,""wT"":0.6,""wN"":0.4}",score>buy,19115008754
2025-11-05T20:16:23.771502+00:00,portfolio_paper_reasonable,GOOGL,BUY,2.1122,284.35407,10.0,0.0,0.0,-600.61,16997.0,2.1122,"{""TS"":0.628844,""NS"":0.139216,""CDS"":0.432993,""wT"":0.6,""wN"":0.4}",score>buy,19115008754
2025-11-05T20:41:36.781010+00:00,portfolio_paper_aggressive_trades,FSLR,BUY,3.5722,280.21994,10.0,0.0,0.0,-1001.0,18999.0,3.5722,"{""TS"":0.649082,""NS"":0.345878,""CDS"":0.5278,""wT"":0.6,""wN"":0.4}",score>buy,19115682885
2025-11-05T20:41:36.781164+00:00,portfolio_paper_aggressive_trades,AAPL,BUY,3.7082,269.93967,10.0,0.0,0.0,-1000.99,17998.01,3.7082,"{""TS"":0.573508,""NS"":0.332286,""CDS"":0.477019,""wT"":0.6,""wN"":0.4}",score>buy,19115682885
2025-11-05T20:41:36.781260+00:00,portfolio_paper_aggressive_trades,SNOW,BUY,3.7646,265.89563,10.0,0.0,0.0,-1000.99,16997.02,3.7646,"{""TS"":0.495063,""NS"":0.352759,""CDS"":0.438142,""wT"":0.6,""wN"":0.4}",score>buy,19115682885
2025-11-05T20:41:36.781345+00:00,portfolio_paper_aggressive_trades,ARCC,BUY,49.1039,20.385365,10.0,0.0,0.0,-1001.0,15996.02,49.1039,"{""TS"":0.480072,""NS"":0.362649,""CDS"":0.433103,""wT"":0.6,""wN"":0.4}",score>buy,19115682885
2025-11-05T20:41:36.781435+00:00,portfolio_paper_aggressive_trades,GOOGL,BUY,0.0001,284.35407,10.0,0.0,0.0,-0.03,15995.99,0.0001,"{""TS"":0.628844,""NS"":0.139216,""CDS"":0.432993,""wT"":0.6,""wN"":0.4}",score>buy,19115682885
2025-11-05T20:41:36.782192+00:00,portfolio_paper_reasonable,FSLR,BUY,2.1433,280.21994,10.0,0.0,0.0,-600.6,19399.4,2.1433,"{""TS"":0.649082,""NS"":0.345878,""CDS"":0.5278,""wT"":0.6,""wN"":0.4}",score>buy,19115682885
2025-11-05T20:41:36.782289+00:00,portfolio_paper_reasonable,AAPL,BUY,2.2249,269.93967,10.0,0.0,0.0,-600.59,18798.82,2.2249,"{""TS"":0.573508,""NS"":0.332286,""CDS"":0.477019,""wT"":0.6,""wN"":0.4}",score>buy,19115682885
2025-11-05T20:41:36.782372+00:00,portfolio_paper_reasonable,SNOW,BUY,2.2588,265.89563,10.0,0.0,0.0,-600.61,18198.21,2.2588,"{""TS"":0.495063,""NS"":0.352759,""CDS"":0.438142,""wT"":0.6,""wN"":0.4}",score>buy,19115682885
2025-11-05T20:41:36.782451+00:00,portfolio_paper_reasonable,ARCC,BUY,29.4623,20.385365,10.0,0.0,0.0,-600.6,17597.61,29.4623,"{""TS"":0.480072,""NS"":0.362649,""CDS"":0.433103,""wT"":0.6,""wN"":0.4}",score>buy,19115682885
2025-11-05T20:41:36.782523+00:00,portfolio_paper_reasonable,GOOGL,BUY,2.1122,284.35407,10.0,0.0,0.0,-600.61,16997.0,2.1122,"{""TS"":0.628844,""NS"":0.139216,""CDS"":0.432993,""wT"":0.6,""wN"":0.4}",score>buy,19115682885
2025-11-05T21:13:56.688216+00:00,portfolio_paper_aggressive_trades,AAPL,BUY,3.7022,270.38011,10.0,0.0,0.0,-1001.0,18999.0,3.7022,"{""TS"":0.590971,""NS"":0.375109,""CDS"":0.504626,""wT"":0.6,""wN"":0.4}",score>buy,19116453595
2025-11-05T21:13:56.688378+00:00,portfolio_paper_aggressive_trades,FSLR,BUY,3.6061,277.58731,10.0,0.0,0.0,-1001.01,17997.99,3.6061,"{""TS"":0.641101,""NS"":0.292266,""CDS"":0.501567,""wT"":0.6,""wN"":0.4}",score>buy,19116453595
2025-11-05T21:13:56.688524+00:00,portfolio_paper_aggressive_trades,ARCC,BUY,49.0918,20.39037,10.0,0.0,0.0,-1001.0,16996.99,49.0918,"{""TS"":0.481402,""NS"":0.362649,""CDS"":0.433901,""wT"":0.6,""wN"":0.4}",score>buy,19116453595
2025-11-05T21:13:56.688635+00:00,portfolio_paper_aggressive_trades,GOOGL,BUY,3.5169,284.62434,10.0,0.0,0.0,-1001.0,15996.0,3.5169,"{""TS"":0.630506,""NS"":0.134414,""CDS"":0.432069,""wT"":0.6,""wN"":0.4}",score>buy,19116453595
2025-11-05T21:13:56.689328+00:00,portfolio_paper_reasonable,AAPL,BUY,2.2213,270.38011,10.0,0.0,0.0,-600.6,19399.4,2.2213,"{""TS"":0.590971,""NS"":0.375109,""CDS"":0.504626,""wT"":0.6,""wN"":0.4}",score>buy,19116453595
2025-11-05T21:13:56.689424+00:00,portfolio_paper_reasonable,FSLR,BUY,2.1636,277.58731,10.0,0.0,0.0,-600.59,18798.82,2.1636,"{""TS"":0.641101,""NS"":0.292266,""CDS"":0.501567,""wT"":0.6,""wN"":0.4}",score>buy,19116453595
2025-11-05T21:13:56.689535+00:00,portfolio_paper_reasonable,ARCC,BUY,29.4551,20.39037,10.0,0.0,0.0,-600.6,18198.22,29.4551,"{""TS"":0.481402,""NS"":0.362649,""CDS"":0.433901,""wT"":0.6,""wN"":0.4}",score>buy,19116453595
2025-11-05T21:13:56.689619+00:00,portfolio_paper_reasonable,GOOGL,BUY,2.1101,284.62434,10.0,0.0,0.0,-600.59,17597.63,2.1101,"{""TS"":0.630506,""NS"":0.134414,""CDS"":0.432069,""wT"":0.6,""wN"":0.4}",score>buy,19116453595
2025-11-05T21:13:56.689699+00:00,portfolio_paper_reasonable,DE,BUY,1.2662,474.32385,10.0,0.0,0.0,-600.59,16997.04,1.2662,"{""TS"":0.524608,""NS"":0.267676,""CDS"":0.421835,""wT"":0.6,""wN"":0.4}",score>buy,19116453595
2025-11-05T21:13:56.689774+00:00,portfolio_paper_reasonable,AMZN,BUY,0.0002,250.495245,10.0,0.0,0.0,-0.05,16996.99,0.0002,"{""TS"":0.612164,""NS"":0.13563,""CDS"":0.421551,""wT"":0.6,""wN"":0.4}",score>buy,19116453595
2025-11-05T22:14:48.944708+00:00,portfolio_paper_aggressive_trades,FSLR,BUY,3.6061,277.58731,10.0,0.0,0.0,-1001.01,18998.99,3.6061,"{""TS"":0.641101,""NS"":0.333532,""CDS"":0.518074,""wT"":0.6,""wN"":0.4}",score>buy,19117935715
2025-11-05T22:14:48.944858+00:00,portfolio_paper_aggressive_trades,AAPL,BUY,3.7022,270.38011,10.0,0.0,0.0,-1001.0,17997.99,3.7022,"{""TS"":0.590971,""NS"":0.374535,""CDS"":0.504397,""wT"":0.6,""wN"":0.4}",score>buy,19117935715
2025-11-05T22:14:48.945009+00:00,portfolio_paper_aggressive_trades,ZS,BUY,3.0881,324.14382,10.0,0.0,0.0,-1000.99,16997.0,3.0881,"{""TS"":0.462668,""NS"":0.444922,""CDS"":0.455569,""wT"":0.6,""wN"":0.4}",score>buy,19117935715
2025-11-05T22:14:48.945109+00:00,portfolio_paper_aggressive_trades,ARCC,BUY,49.0918,20.39037,10.0,0.0,0.0,-1001.0,15996.0,49.0918,"{""TS"":0.481402,""NS"":0.362649,""CDS"":0.433901,""wT"":0.6,""wN"":0.4}",score>buy,19117935715
2025-11-05T22:14:48.945188+00:00,portfolio_paper_aggressive_trades,U,BUY,0.0001,42.41237,10.0,0.0,0.0,-0.0,15996.0,0.0001,"{""TS"":0.578357,""NS"":0.131011,""CDS"":0.399419,""wT"":0.6,""wN"":0.4}",score>buy,19117935715
2025-11-05T22:14:48.945897+00:00,portfolio_paper_reasonable,FSLR,BUY,2.1636,277.58731,10.0,0.0,0.0,-600.59,19399.41,2.1636,"{""TS"":0.641101,""NS"":0.333532,""CDS"":0.518074,""wT"":0.6,""wN"":0.4}",score>buy,19117935715
2025-11-05T22:14:48.945997+00:00,portfolio_paper_reasonable,AAPL,BUY,2.2213,270.38011,10.0,0.0,0.0,-600.6,18798.82,2.2213,"{""TS"":0.590971,""NS"":0.374535,""CDS"":0.504397,""wT"":0.6,""wN"":0.4}",score>buy,19117935715
2025-11-05T22:14:48.946079+00:00,portfolio_paper_reasonable,ZS,BUY,1.8529,324.14382,10.0,0.0,0.0,-600.61,18198.21,1.8529,"{""TS"":0.462668,""NS"":0.444922,""CDS"":0.455569,""wT"":0.6,""wN"":0.4}",score>buy,19117935715
2025-11-05T22:14:48.946156+00:00,portfolio_paper_reasonable,ARCC,BUY,29.4551,20.39037,10.0,0.0,0.0,-600.6,17597.61,29.4551,"{""TS"":0.481402,""NS"":0.362649,""CDS"":0.433901,""wT"":0.6,""wN"":0.4}",score>buy,19117935715
2025-11-05T22:14:48.946229+00:00,portfolio_paper_reasonable,GOOGL,BUY,2.1101,284.62434,10.0,0.0,0.0,-600.59,16997.02,2.1101,"{""TS"":0.630506,""NS"":0.121752,""CDS"":0.427004,""wT"":0.6,""wN"":0.4}",score>buy,19117935715
2025-11-05T22:14:48.946300+00:00,portfolio_paper_reasonable,AMZN,BUY,0.0001,250.495245,10.0,0.0,0.0,-0.03,16997.0,0.0001,"{""TS"":0.612164,""NS"":0.147934,""CDS"":0.426472,""wT"":0.6,""wN"":0.4}",score>buy,19117935715
2025-11-05T23:14:08.097534+00:00,portfolio_paper_aggressive_trades,AAPL,BUY,3.7022,270.38011,10.0,0.0,0.0,-1001.0,18999.0,3.7022,"{""TS"":0.590971,""NS"":0.374535,""CDS"":0.504397,""wT"":0.6,""wN"":0.4}",score>buy,19119234023
2025-11-05T23:14:08.097691+00:00,portfolio_paper_aggressive_trades,FSLR,BUY,3.6061,277.58731,10.0,0.0,0.0,-1001.01,17997.99,3.6061,"{""TS"":0.641101,""NS"":0.290071,""CDS"":0.500689,""wT"":0.6,""wN"":0.4}",score>buy,19119234023
2025-11-05T23:14:08.097803+00:00,portfolio_paper_aggressive_trades,SNOW,BUY,3.7776,264.98472,10.0,0.0,0.0,-1001.01,16996.98,3.7776,"{""TS"":0.482943,""NS"":0.362218,""CDS"":0.434653,""wT"":0.6,""wN"":0.4}",score>buy,19119234023
2025-11-05T23:14:08.097893+00:00,portfolio_paper_aggressive_trades,GOOGL,BUY,3.5169,284.62434,10.0,0.0,0.0,-1001.0,15995.99,3.5169,"{""TS"":0.630506,""NS"":0.127444,""CDS"":0.429281,""wT"":0.6,""wN"":0.4}",score>buy,19119234023
2025-11-05T23:14:08.098646+00:00,portfolio_paper_reasonable,AAPL,BUY,2.2213,270.38011,10.0,0.0,0.0,-600.6,19399.4,2.2213,"{""TS"":0.590971,""NS"":0.374535,""CDS"":0.504397,""wT"":0.6,""wN"":0.4}",score>buy,19119234023
2025-11-05T23:14:08.098743+00:00,portfolio_paper_reasonable,FSLR,BUY,2.1636,277.58731,10.0,0.0,0.0,-600.59,18798.82,2.1636,"{""TS"":0.641101,""NS"":0.290071,""CDS"":0.500689,""wT"":0.6,""wN"":0.4}",score>buy,19119234023
2025-11-05T23:14:08.098831+00:00,portfolio_paper_reasonable,SNOW,BUY,2.2665,264.98472,10.0,0.0,0.0,-600.59,18198.23,2.2665,"{""TS"":0.482943,""NS"":0.362218,""CDS"":0.434653,""wT"":0.6,""wN"":0.4}",score>buy,19119234023
2025-11-05T23:14:08.098913+00:00,portfolio_paper_reasonable,GOOGL,BUY,2.1101,284.62434,10.0,0.0,0.0,-600.59,17597.64,2.1101,"{""TS"":0.630506,""NS"":0.127444,""CDS"":0.429281,""wT"":0.6,""wN"":0.4}",score>buy,19119234023
2025-11-05T23:14:08.098991+00:00,portfolio_paper_reasonable,ARCC,BUY,29.4551,20.39037,10.0,0.0,0.0,-600.6,16997.04,29.4551,"{""TS"":0.481402,""NS"":0.341379,""CDS"":0.425393,""wT"":0.6,""wN"":0.4}",score>buy,19119234023
2025-11-05T23:14:08.099074+00:00,portfolio_paper_reasonable,AMZN,BUY,0.0002,250.495245,10.0,0.0,0.0,-0.05,16996.99,0.0002,"{""TS"":0.612164,""NS"":0.144471,""CDS"":0.425087,""wT"":0.6,""wN"":0.4}",score>buy,19119234023
2025-11-06T01:02:57.125890+00:00,portfolio_paper_aggressive_trades,FSLR,BUY,3.6061,277.58731,10.0,0.0,0.0,-1001.01,18998.99,3.6061,"{""TS"":0.641101,""NS"":0.301212,""CDS"":0.505146,""wT"":0.6,""wN"":0.4}",score>buy,19121290655
2025-11-06T01:02:57.126028+00:00,portfolio_paper_aggressive_trades,AAPL,BUY,3.7022,270.38011,10.0,0.0,0.0,-1001.0,17997.99,3.7022,"{""TS"":0.590971,""NS"":0.375109,""CDS"":0.504626,""wT"":0.6,""wN"":0.4}",score>buy,19121290655
2025-11-06T01:02:57.126098+00:00,portfolio_paper_aggressive_trades,AMZN,BUY,3.9961,250.495245,10.0,0.0,0.0,-1001.0,16996.99,3.9961,"{""TS"":0.612164,""NS"":0.256167,""CDS"":0.469765,""wT"":0.6,""wN"":0.4}",score>buy,19121290655
2025-11-06T01:02:57.126157+00:00,portfolio_paper_aggressive_trades,ARCC,BUY,49.0912,20.39037,10.0,0.0,0.0,-1000.99,15996.0,49.0912,"{""TS"":0.481402,""NS"":0.363,""CDS"":0.434041,""wT"":0.6,""wN"":0.4}",score>buy,19121290655
2025-11-06T01:02:57.126766+00:00,portfolio_paper_reasonable,FSLR,BUY,2.1636,277.58731,10.0,0.0,0.0,-600.59,19399.41,2.1636,"{""TS"":0.641101,""NS"":0.301212,""CDS"":0.505146,""wT"":0.6,""wN"":0.4}",score>buy,19121290655
2025-11-06T01:02:57.126844+00:00,portfolio_paper_reasonable,AAPL,BUY,2.2213,270.38011,10.0,0.0,0.0,-600.6,18798.82,2.2213,"{""TS"":0.590971,""NS"":0.375109,""CDS"":0.504626,""wT"":0.6,""wN"":0.4}",score>buy,19121290655
2025-11-06T01:02:57.126906+00:00,portfolio_paper_reasonable,AMZN,BUY,2.3977,250.495245,10.0,0.0,0.0,-600.61,18198.2,2.3977,"{""TS"":0.612164,""NS"":0.256167,""CDS"":0.469765,""wT"":0.6,""wN"":0.4}",score>buy,19121290655
2025-11-06T01:02:57.126962+00:00,portfolio_paper_reasonable,ARCC,BUY,29.4551,20.39037,10.0,0.0,0.0,-600.6,17597.6,29.4551,"{""TS"":0.481402,""NS"":0.363,""CDS"":0.434041,""wT"":0.6,""wN"":0.4}",score>buy,19121290655
2025-11-06T01:02:57.127016+00:00,portfolio_paper_reasonable,ZS,BUY,1.8529,324.14382,10.0,0.0,0.0,-600.61,16997.0,1.8529,"{""TS"":0.462668,""NS"":0.385967,""CDS"":0.431988,""wT"":0.6,""wN"":0.4}",score>buy,19121290655
2025-11-06T03:10:45.843470+00:00,portfolio_paper_aggressive_trades,FSLR,BUY,3.6061,277.58731,10.0,0.0,0.0,-1001.01,18998.99,3.6061,"{""TS"":0.641101,""NS"":0.30085,""CDS"":0.505001,""wT"":0.6,""wN"":0.4}",score>buy,19123495042
2025-11-06T03:10:45.843592+00:00,portfolio_paper_aggressive_trades,AAPL,BUY,3.7022,270.38011,10.0,0.0,0.0,-1001.0,17997.99,3.7022,"{""TS"":0.590971,""NS"":0.363634,""CDS"":0.500036,""wT"":0.6,""wN"":0.4}",score>buy,19123495042
2025-11-06T03:10:45.843661+00:00,portfolio_paper_aggressive_trades,AMZN,BUY,3.9961,250.495245,10.0,0.0,0.0,-1001.0,16996.99,3.9961,"{""TS"":0.612164,""NS"":0.278882,""CDS"":0.478852,""wT"":0.6,""wN"":0.4}",score>buy,19123495042
2025-11-06T03:10:45.843719+00:00,portfolio_paper_aggressive_trades,SNOW,BUY,3.7775,264.98472,10.0,0.0,0.0,-1000.98,15996.01,3.7775,"{""TS"":0.482943,""NS"":0.371931,""CDS"":0.438538,""wT"":0.6,""wN"":0.4}",score>buy,19123495042
2025-11-06T03:10:45.843773+00:00,portfolio_paper_aggressive_trades,ARCC,BUY,0.0004,20.39037,10.0,0.0,0.0,-0.01,15996.0,0.0004,"{""TS"":0.481402,""NS"":0.362706,""CDS"":0.433924,""wT"":0.6,""wN"":0.4}",score>buy,19123495042
2025-11-06T03:10:45.844337+00:00,portfolio_paper_reasonable,FSLR,BUY,2.1636,277.58731,10.0,0.0,0.0,-600.59,19399.41,2.1636,"{""TS"":0.641101,""NS"":0.30085,""CDS"":0.505001,""wT"":0.6,""wN"":0.4}",score>buy,19123495042
2025-11-06T03:10:45.844416+00:00,portfolio_paper_reasonable,AAPL,BUY,2.2213,270.38011,10.0,0.0,0.0,-600.6,18798.82,2.2213,"{""TS"":0.590971,""NS"":0.363634,""CDS"":0.500036,""wT"":0.6,""wN"":0.4}",score>buy,19123495042
2025-11-06T03:10:45.844475+00:00,portfolio_paper_reasonable,AMZN,BUY,2.3977,250.495245,10.0,0.0,0.0,-600.61,18198.2,2.3977,"{""TS"":0.612164,""NS"":0.278882,""CDS"":0.478852,""wT"":0.6,""wN"":0.4}",score>buy,19123495042
2025-11-06T03:10:45.844530+00:00,portfolio_paper_reasonable,SNOW,BUY,2.2665,264.98472,10.0,0.0,0.0,-600.59,17597.62,2.2665,"{""TS"":0.482943,""NS"":0.371931,""CDS"":0.438538,""wT"":0.6,""wN"":0.4}",score>buy,19123495042
2025-11-06T03:10:45.844584+00:00,portfolio_paper_reasonable,ARCC,BUY,29.4551,20.39037,10.0,0.0,0.0,-600.6,16997.02,29.4551,"{""TS"":0.481402,""NS"":0.362706,""CDS"":0.433924,""wT"":0.6,""wN"":0.4}",score>buy,19123495042
2025-11-06T03:10:45.844634+00:00,portfolio_paper_reasonable,GOOGL,BUY,0.0001,284.62434,10.0,0.0,0.0,-0.03,16996.99,0.0001,"{""TS"":0.630506,""NS"":0.119273,""CDS"":0.426013,""wT"":0.6,""wN"":0.4}",score>buy,19123495042
2025-11-06T04:21:02.646996+00:00,portfolio_paper_aggressive_trades,AAPL,BUY,3.7022,270.38011,10.0,0.0,0.0,-1001.0,18999.0,3.7022,"{""TS"":0.590971,""NS"":0.363634,""CDS"":0.500036,""wT"":0.6,""wN"":0.4}",score>buy,19124660628
2025-11-06T04:21:02.647173+00:00,portfolio_paper_aggressive_trades,FSLR,BUY,3.6061,277.58731,10.0,0.0,0.0,-1001.01,17997.99,3.6061,"{""TS"":0.641101,""NS"":0.27028,""CDS"":0.492773,""wT"":0.6,""wN"":0.4}",score>buy,19124660628
2025-11-06T04:21:02.647273+00:00,portfolio_paper_aggressive_trades,AMZN,BUY,3.9961,250.495245,10.0,0.0,0.0,-1001.0,16996.99,3.9961,"{""TS"":0.612164,""NS"":0.261789,""CDS"":0.472014,""wT"":0.6,""wN"":0.4}",score>buy,19124660628
2025-11-06T04:21:02.647360+00:00,portfolio_paper_aggressive_trades,ARCC,BUY,49.0912,20.39037,10.0,0.0,0.0,-1000.99,15996.0,49.0912,"{""TS"":0.481402,""NS"":0.362706,""CDS"":0.433923,""wT"":0.6,""wN"":0.4}",score>buy,19124660628
2025-11-06T04:21:02.648056+00:00,portfolio_paper_reasonable,AAPL,BUY,2.2213,270.38011,10.0,0.0,0.0,-600.6,19399.4,2.2213,"{""TS"":0.590971,""NS"":0.363634,""CDS"":0.500036,""wT"":0.6,""wN"":0.4}",score>buy,19124660628
2025-11-06T04:21:02.648186+00:00,portfolio_paper_reasonable,FSLR,BUY,2.1636,277.58731,10.0,0.0,0.0,-600.59,18798.82,2.1636,"{""TS"":0.641101,""NS"":0.27028,""CDS"":0.492773,""wT"":0.6,""wN"":0.4}",score>buy,19124660628
2025-11-06T04:21:02.648277+00:00,portfolio_paper_reasonable,AMZN,BUY,2.3977,250.495245,10.0,0.0,0.0,-600.61,18198.2,2.3977,"{""TS"":0.612164,""NS"":0.261789,""CDS"":0.472014,""wT"":0.6,""wN"":0.4}",score>buy,19124660628
2025-11-06T04:21:02.648359+00:00,portfolio_paper_reasonable,ARCC,BUY,29.4551,20.39037,10.0,0.0,0.0,-600.6,17597.6,29.4551,"{""TS"":0.481402,""NS"":0.362706,""CDS"":0.433923,""wT"":0.6,""wN"":0.4}",score>buy,19124660628
2025-11-06T04:21:02.648441+00:00,portfolio_paper_reasonable,GOOGL,BUY,2.1101,284.62434,10.0,0.0,0.0,-600.59,16997.02,2.1101,"{""TS"":0.630506,""NS"":0.120099,""CDS"":0.426343,""wT"":0.6,""wN"":0.4}",score>buy,19124660628
2025-11-06T04:21:02.648518+00:00,portfolio_paper_reasonable,SNOW,BUY,0.0001,264.98472,10.0,0.0,0.0,-0.03,16996.99,0.0001,"{""TS"":0.482943,""NS"":0.340678,""CDS"":0.426037,""wT"":0.6,""wN"":0.4}",score>buy,19124660628
2025-11-06T05:15:52.899285+00:00,portfolio_paper_aggressive_trades,AAPL,BUY,3.7022,270.38011,10.0,0.0,0.0,-1001.0,18999.0,3.7022,"{""TS"":0.590971,""NS"":0.35877,""CDS"":0.498091,""wT"":0.6,""wN"":0.4}",score>buy,19125564280
2025-11-06T05:15:52.899416+00:00,portfolio_paper_aggressive_trades,FSLR,BUY,3.6061,277.58731,10.0,0.0,0.0,-1001.01,17997.99,3.6061,"{""TS"":0.641101,""NS"":0.270288,""CDS"":0.492776,""wT"":0.6,""wN"":0.4}",score>buy,19125564280
2025-11-06T05:15:52.899511+00:00,portfolio_paper_aggressive_trades,AMZN,BUY,3.9961,250.495245,10.0,0.0,0.0,-1001.0,16996.99,3.9961,"{""TS"":0.612164,""NS"":0.296097,""CDS"":0.485738,""wT"":0.6,""wN"":0.4}",score>buy,19125564280
2025-11-06T05:15:52.899598+00:00,portfolio_paper_aggressive_trades,GOOGL,BUY,3.5169,284.62434,10.0,0.0,0.0,-1001.0,15995.99,3.5169,"{""TS"":0.630506,""NS"":0.177692,""CDS"":0.44938,""wT"":0.6,""wN"":0.4}",score>buy,19125564280
2025-11-06T05:15:52.900307+00:00,portfolio_paper_reasonable,AAPL,BUY,2.2213,270.38011,10.0,0.0,0.0,-600.6,19399.4,2.2213,"{""TS"":0.590971,""NS"":0.35877,""CDS"":0.498091,""wT"":0.6,""wN"":0.4}",score>buy,19125564280
2025-11-06T05:15:52.900403+00:00,portfolio_paper_reasonable,FSLR,BUY,2.1636,277.58731,10.0,0.0,0.0,-600.59,18798.82,2.1636,"{""TS"":0.641101,""NS"":0.270288,""CDS"":0.492776,""wT"":0.6,""wN"":0.4}",score>buy,19125564280
2025-11-06T05:15:52.900495+00:00,portfolio_paper_reasonable,AMZN,BUY,2.3977,250.495245,10.0,0.0,0.0,-600.61,18198.2,2.3977,"{""TS"":0.612164,""NS"":0.296097,""CDS"":0.485738,""wT"":0.6,""wN"":0.4}",score>buy,19125564280
2025-11-06T05:15:52.900575+00:00,portfolio_paper_reasonable,GOOGL,BUY,2.1101,284.62434,10.0,0.0,0.0,-600.59,17597.62,2.1101,"{""TS"":0.630506,""NS"":0.177692,""CDS"":0.44938,""wT"":0.6,""wN"":0.4}",score>buy,19125564280
2025-11-06T05:15:52.900651+00:00,portfolio_paper_reasonable,SNOW,BUY,2.2665,264.98472,10.0,0.0,0.0,-600.59,16997.03,2.2665,"{""TS"":0.482943,""NS"":0.382287,""CDS"":0.44268,""wT"":0.6,""wN"":0.4}",score>buy,19125564280
2025-11-06T05:15:52.900759+00:00,portfolio_paper_reasonable,ARCC,BUY,0.0015,20.39037,10.0,0.0,0.0,-0.03,16997.0,0.0015,"{""TS"":0.481402,""NS"":0.362736,""CDS"":0.433935,""wT"":0.6,""wN"":0.4}",score>buy,19125564280
2025-11-06T06:22:10.110748+00:00,portfolio_paper_aggressive_trades,FSLR,BUY,3.6061,277.58731,10.0,0.0,0.0,-1001.01,18998.99,3.6061,"{""TS"":0.641101,""NS"":0.275871,""CDS"":0.495009,""wT"":0.6,""wN"":0.4}",score>buy,19126766840
2025-11-06T06:22:10.110869+00:00,portfolio_paper_aggressive_trades,AAPL,BUY,3.7022,270.38011,10.0,0.0,0.0,-1001.0,17997.99,3.7022,"{""TS"":0.590971,""NS"":0.320919,""CDS"":0.48295,""wT"":0.6,""wN"":0.4}",score>buy,19126766840
2025-11-06T06:22:10.110940+00:00,portfolio_paper_aggressive_trades,AMZN,BUY,3.9961,250.495245,10.0,0.0,0.0,-1001.0,16996.99,3.9961,"{""TS"":0.612164,""NS"":0.273565,""CDS"":0.476725,""wT"":0.6,""wN"":0.4}",score>buy,19126766840
2025-11-06T06:22:10.110997+00:00,portfolio_paper_aggressive_trades,GOOGL,BUY,3.5169,284.62434,10.0,0.0,0.0,-1001.0,15995.99,3.5169,"{""TS"":0.630506,""NS"":0.163424,""CDS"":0.443673,""wT"":0.6,""wN"":0.4}",score>buy,19126766840
2025-11-06T06:22:10.111560+00:00,portfolio_paper_reasonable,FSLR,BUY,2.1636,277.58731,10.0,0.0,0.0,-600.59,19399.41,2.1636,"{""TS"":0.641101,""NS"":0.275871,""CDS"":0.495009,""wT"":0.6,""wN"":0.4}",score>buy,19126766840
2025-11-06T06:22:10.111631+00:00,portfolio_paper_reasonable,AAPL,BUY,2.2213,270.38011,10.0,0.0,0.0,-600.6,18798.82,2.2213,"{""TS"":0.590971,""NS"":0.320919,""CDS"":0.48295,""wT"":0.6,""wN"":0.4}",score>buy,19126766840
2025-11-06T06:22:10.111691+00:00,portfolio_paper_reasonable,AMZN,BUY,2.3977,250.495245,10.0,0.0,0.0,-600.61,18198.2,2.3977,"{""TS"":0.612164,""NS"":0.273565,""CDS"":0.476725,""wT"":0.6,""wN"":0.4}",score>buy,19126766840
2025-11-06T06:22:10.111747+00:00,portfolio_paper_reasonable,GOOGL,BUY,2.1101,284.62434,10.0,0.0,0.0,-600.59,17597.62,2.1101,"{""TS"":0.630506,""NS"":0.163424,""CDS"":0.443673,""wT"":0.6,""wN"":0.4}",score>buy,19126766840
2025-11-06T06:22:10.111800+00:00,portfolio_paper_reasonable,ARCC,BUY,29.4551,20.39037,10.0,0.0,0.0,-600.6,16997.02,29.4551,"{""TS"":0.481402,""NS"":0.363117,""CDS"":0.434088,""wT"":0.6,""wN"":0.4}",score>buy,19126766840
2025-11-06T06:22:10.111850+00:00,portfolio_paper_reasonable,ZS,BUY,0.0001,324.14382,10.0,0.0,0.0,-0.03,16996.99,0.0001,"{""TS"":0.462668,""NS"":0.385967,""CDS"":0.431988,""wT"":0.6,""wN"":0.4}",score>buy,19126766840
2025-11-06T07:14:52.591681+00:00,portfolio_paper_aggressive_trades,FSLR,BUY,3.6061,277.58731,10.0,0.0,0.0,-1001.01,18998.99,3.6061,"{""TS"":0.641101,""NS"":0.257321,""CDS"":0.487589,""wT"":0.6,""wN"":0.4}",score>buy,19127801231
2025-11-06T07:14:52.591824+00:00,portfolio_paper_aggressive_trades,AAPL,BUY,3.7022,270.38011,10.0,0.0,0.0,-1001.0,17997.99,3.7022,"{""TS"":0.590971,""NS"":0.320919,""CDS"":0.48295,""wT"":0.6,""wN"":0.4}",score>buy,19127801231
2025-11-06T07:14:52.591923+00:00,portfolio_paper_aggressive_trades,AMZN,BUY,3.9961,250.495245,10.0,0.0,0.0,-1001.0,16996.99,3.9961,"{""TS"":0.612164,""NS"":0.281221,""CDS"":0.479787,""wT"":0.6,""wN"":0.4}",score>buy,19127801231
2025-11-06T07:14:52.592010+00:00,portfolio_paper_aggressive_trades,GOOGL,BUY,3.5169,284.62434,10.0,0.0,0.0,-1001.0,15995.99,3.5169,"{""TS"":0.630506,""NS"":0.163424,""CDS"":0.443673,""wT"":0.6,""wN"":0.4}",score>buy,19127801231
2025-11-06T07:14:52.592728+00:00,portfolio_paper_reasonable,FSLR,BUY,2.1636,277.58731,10.0,0.0,0.0,-600.59,19399.41,2.1636,"{""TS"":0.641101,""NS"":0.257321,""CDS"":0.487589,""wT"":0.6,""wN"":0.4}",score>buy,19127801231
2025-11-06T07:14:52.592822+00:00,portfolio_paper_reasonable,AAPL,BUY,2.2213,270.38011,10.0,0.0,0.0,-600.6,18798.82,2.2213,"{""TS"":0.590971,""NS"":0.320919,""CDS"":0.48295,""wT"":0.6,""wN"":0.4}",score>buy,19127801231
2025-11-06T07:14:52.592908+00:00,portfolio_paper_reasonable,AMZN,BUY,2.3977,250.495245,10.0,0.0,0.0,-600.61,18198.2,2.3977,"{""TS"":0.612164,""NS"":0.281221,""CDS"":0.479787,""wT"":0.6,""wN"":0.4}",score>buy,19127801231
2025-11-06T07:14:52.592987+00:00,portfolio_paper_reasonable,GOOGL,BUY,2.1101,284.62434,10.0,0.0,0.0,-600.59,17597.62,2.1101,"{""TS"":0.630506,""NS"":0.163424,""CDS"":0.443673,""wT"":0.6,""wN"":0.4}",score>buy,19127801231
2025-11-06T07:14:52.593062+00:00,portfolio_paper_reasonable,ARCC,BUY,29.4551,20.39037,10.0,0.0,0.0,-600.6,16997.02,29.4551,"{""TS"":0.481402,""NS"":0.363148,""CDS"":0.4341,""wT"":0.6,""wN"":0.4}",score>buy,19127801231
2025-11-06T07:14:52.593134+00:00,portfolio_paper_reasonable,SNOW,BUY,0.0001,264.98472,10.0,0.0,0.0,-0.03,16996.99,0.0001,"{""TS"":0.482943,""NS"":0.349879,""CDS"":0.429717,""wT"":0.6,""wN"":0.4}",score>buy,19127801231
2025-11-06T08:20:07.975604+00:00,portfolio_paper_aggressive_trades,AMZN,BUY,3.9961,250.495245,10.0,0.0,0.0,-1001.0,18999.0,3.9961,"{""TS"":0.612164,""NS"":0.399762,""CDS"":0.527204,""wT"":0.6,""wN"":0.4}",score>buy,19129205489
2025-11-06T08:20:07.975755+00:00,portfolio_paper_aggressive_trades,FSLR,BUY,3.6061,277.58731,10.0,0.0,0.0,-1001.01,17997.99,3.6061,"{""TS"":0.641101,""NS"":0.257321,""CDS"":0.487589,""wT"":0.6,""wN"":0.4}",score>buy,19129205489
2025-11-06T08:20:07.975852+00:00,portfolio_paper_aggressive_trades,AAPL,BUY,3.7022,270.38011,10.0,0.0,0.0,-1001.0,16996.99,3.7022,"{""TS"":0.590971,""NS"":0.31915,""CDS"":0.482243,""wT"":0.6,""wN"":0.4}",score>buy,19129205489
2025-11-06T08:20:07.975938+00:00,portfolio_paper_aggressive_trades,ARCC,BUY,49.0912,20.39037,10.0,0.0,0.0,-1000.99,15996.0,49.0912,"{""TS"":0.481402,""NS"":0.385331,""CDS"":0.442973,""wT"":0.6,""wN"":0.4}",score>buy,19129205489
2025-11-06T08:20:07.976626+00:00,portfolio_paper_reasonable,AMZN,BUY,2.3977,250.495245,10.0,0.0,0.0,-600.61,19399.39,2.3977,"{""TS"":0.612164,""NS"":0.399762,""CDS"":0.527204,""wT"":0.6,""wN"":0.4}",score>buy,19129205489
2025-11-06T08:20:07.976721+00:00,portfolio_paper_reasonable,FSLR,BUY,2.1636,277.58731,10.0,0.0,0.0,-600.59,18798.8,2.1636,"{""TS"":0.641101,""NS"":0.257321,""CDS"":0.487589,""wT"":0.6,""wN"":0.4}",score>buy,19129205489
2025-11-06T08:20:07.976809+00:00,portfolio_paper_reasonable,AAPL,BUY,2.2213,270.38011,10.0,0.0,0.0,-600.6,18198.2,2.2213,"{""TS"":0.590971,""NS"":0.31915,""CDS"":0.482243,""wT"":0.6,""wN"":0.4}",score>buy,19129205489
2025-11-06T08:20:07.976891+00:00,portfolio_paper_reasonable,ARCC,BUY,29.4551,20.39037,10.0,0.0,0.0,-600.6,17597.6,29.4551,"{""TS"":0.481402,""NS"":0.385331,""CDS"":0.442973,""wT"":0.6,""wN"":0.4}",score>buy,19129205489
2025-11-06T08:20:07.976970+00:00,portfolio_paper_reasonable,GOOGL,BUY,2.1101,284.62434,10.0,0.0,0.0,-600.59,16997.02,2.1101,"{""TS"":0.630506,""NS"":0.150297,""CDS"":0.438423,""wT"":0.6,""wN"":0.4}",score>buy,19129205489
2025-11-06T08:20:07.977044+00:00,portfolio_paper_reasonable,ZS,BUY,0.0001,324.14382,10.0,0.0,0.0,-0.03,16996.99,0.0001,"{""TS"":0.462668,""NS"":0.392916,""CDS"":0.434767,""wT"":0.6,""wN"":0.4}",score>buy,19129205489
2025-11-06T09:16:55.157103+00:00,portfolio_paper_aggressive_trades,AMZN,BUY,3.9961,250.495245,10.0,0.0,0.0,-1001.0,18999.0,3.9961,"{""TS"":0.612164,""NS"":0.370049,""CDS"":0.515318,""wT"":0.6,""wN"":0.4}",score>buy,19130630410
2025-11-06T09:16:55.157245+00:00,portfolio_paper_aggressive_trades,FSLR,BUY,3.6061,277.58731,10.0,0.0,0.0,-1001.01,17997.99,3.6061,"{""TS"":0.641101,""NS"":0.269817,""CDS"":0.492588,""wT"":0.6,""wN"":0.4}",score>buy,19130630410
2025-11-06T09:16:55.157345+00:00,portfolio_paper_aggressive_trades,AAPL,BUY,3.7022,270.38011,10.0,0.0,0.0,-1001.0,16996.99,3.7022,"{""TS"":0.590971,""NS"":0.311235,""CDS"":0.479077,""wT"":0.6,""wN"":0.4}",score>buy,19130630410
2025-11-06T09:16:55.157482+00:00,portfolio_paper_aggressive_trades,GOOGL,BUY,3.5169,284.62434,10.0,0.0,0.0,-1001.0,15995.99,3.5169,"{""TS"":0.630506,""NS"":0.16076,""CDS"":0.442608,""wT"":0.6,""wN"":0.4}",score>buy,19130630410
2025-11-06T09:16:55.158174+00:00,portfolio_paper_reasonable,AMZN,BUY,2.3977,250.495245,10.0,0.0,0.0,-600.61,19399.39,2.3977,"{""TS"":0.612164,""NS"":0.370049,""CDS"":0.515318,""wT"":0.6,""wN"":0.4}",score>buy,19130630410
2025-11-06T09:16:55.158265+00:00,portfolio_paper_reasonable,FSLR,BUY,2.1636,277.58731,10.0,0.0,0.0,-600.59,18798.8,2.1636,"{""TS"":0.641101,""NS"":0.269817,""CDS"":0.492588,""wT"":0.6,""wN"":0.4}",score>buy,19130630410
2025-11-06T09:16:55.158350+00:00,portfolio_paper_reasonable,AAPL,BUY,2.2213,270.38011,10.0,0.0,0.0,-600.6,18198.2,2.2213,"{""TS"":0.590971,""NS"":0.311235,""CDS"":0.479077,""wT"":0.6,""wN"":0.4}",score>buy,19130630410
2025-11-06T09:16:55.158453+00:00,portfolio_paper_reasonable,GOOGL,BUY,2.1101,284.62434,10.0,0.0,0.0,-600.59,17597.62,2.1101,"{""TS"":0.630506,""NS"":0.16076,""CDS"":0.442608,""wT"":0.6,""wN"":0.4}",score>buy,19130630410
2025-11-06T09:16:55.158532+00:00,portfolio_paper_reasonable,U,BUY,14.161,42.41237,10.0,0.0,0.0,-600.6,16997.02,14.161,"{""TS"":0.578357,""NS"":0.200397,""CDS"":0.427173,""wT"":0.6,""wN"":0.4}",score>buy,19130630410
2025-11-06T09:16:55.158610+00:00,portfolio_paper_reasonable,SNOW,BUY,0.0001,264.98472,10.0,0.0,0.0,-0.03,16996.99,0.0001,"{""TS"":0.482943,""NS"":0.329761,""CDS"":0.42167,""wT"":0.6,""wN"":0.4}",score>buy,19130630410
2025-11-06T10:17:16.980020+00:00,portfolio_paper_aggressive_trades,AMZN,BUY,3.9961,250.495245,10.0,0.0,0.0,-1001.0,18999.0,3.9961,"{""TS"":0.612164,""NS"":0.372029,""CDS"":0.51611,""wT"":0.6,""wN"":0.4}",score>buy,19132245129
2025-11-06T10:17:16.980183+00:00,portfolio_paper_aggressive_trades,AAPL,BUY,3.7022,270.38011,10.0,0.0,0.0,-1001.0,17997.99,3.7022,"{""TS"":0.590971,""NS"":0.342787,""CDS"":0.491697,""wT"":0.6,""wN"":0.4}",score>buy,19132245129
2025-11-06T10:17:16.980277+00:00,portfolio_paper_aggressive_trades,FSLR,BUY,3.6061,277.58731,10.0,0.0,0.0,-1001.01,16996.99,3.6061,"{""TS"":0.641101,""NS"":0.257734,""CDS"":0.487754,""wT"":0.6,""wN"":0.4}",score>buy,19132245129
2025-11-06T10:17:16.980364+00:00,portfolio_paper_aggressive_trades,GOOGL,BUY,3.5169,284.62434,10.0,0.0,0.0,-1001.0,15995.99,3.5169,"{""TS"":0.630506,""NS"":0.169976,""CDS"":0.446294,""wT"":0.6,""wN"":0.4}",score>buy,19132245129
2025-11-06T10:17:16.981033+00:00,portfolio_paper_reasonable,AMZN,BUY,2.3977,250.495245,10.0,0.0,0.0,-600.61,19399.39,2.3977,"{""TS"":0.612164,""NS"":0.372029,""CDS"":0.51611,""wT"":0.6,""wN"":0.4}",score>buy,19132245129
2025-11-06T10:17:16.981165+00:00,portfolio_paper_reasonable,AAPL,BUY,2.2213,270.38011,10.0,0.0,0.0,-600.6,18798.79,2.2213,"{""TS"":0.590971,""NS"":0.342787,""CDS"":0.491697,""wT"":0.6,""wN"":0.4}",score>buy,19132245129
2025-11-06T10:17:16.981253+00:00,portfolio_paper_reasonable,FSLR,BUY,2.1636,277.58731,10.0,0.0,0.0,-600.59,18198.2,2.1636,"{""TS"":0.641101,""NS"":0.257734,""CDS"":0.487754,""wT"":0.6,""wN"":0.4}",score>buy,19132245129
2025-11-06T10:17:16.981334+00:00,portfolio_paper_reasonable,GOOGL,BUY,2.1101,284.62434,10.0,0.0,0.0,-600.59,17597.62,2.1101,"{""TS"":0.630506,""NS"":0.169976,""CDS"":0.446294,""wT"":0.6,""wN"":0.4}",score>buy,19132245129
2025-11-06T10:17:16.981411+00:00,portfolio_paper_reasonable,ARCC,BUY,29.4551,20.39037,10.0,0.0,0.0,-600.6,16997.02,29.4551,"{""TS"":0.481402,""NS"":0.351771,""CDS"":0.429549,""wT"":0.6,""wN"":0.4}",score>buy,19132245129
2025-11-06T10:17:16.981487+00:00,portfolio_paper_reasonable,SNOW,BUY,0.0001,264.98472,10.0,0.0,0.0,-0.03,16996.99,0.0001,"{""TS"":0.482943,""NS"":0.344546,""CDS"":0.427584,""wT"":0.6,""wN"":0.4}",score>buy,19132245129
2025-11-06T11:14:02.836274+00:00,portfolio_paper_aggressive_trades,AMZN,BUY,3.9961,250.495245,10.0,0.0,0.0,-1001.0,18999.0,3.9961,"{""TS"":0.612164,""NS"":0.373769,""CDS"":0.516806,""wT"":0.6,""wN"":0.4}",score>buy,19133735526
2025-11-06T11:14:02.836418+00:00,portfolio_paper_aggressive_trades,AAPL,BUY,3.7022,270.38011,10.0,0.0,0.0,-1001.0,17997.99,3.7022,"{""TS"":0.590971,""NS"":0.365141,""CDS"":0.500639,""wT"":0.6,""wN"":0.4}",score>buy,19133735526
2025-11-06T11:14:02.836512+00:00,portfolio_paper_aggressive_trades,FSLR,BUY,3.6061,277.58731,10.0,0.0,0.0,-1001.01,16996.99,3.6061,"{""TS"":0.641101,""NS"":0.218322,""CDS"":0.47199,""wT"":0.6,""wN"":0.4}",score>buy,19133735526
2025-11-06T11:14:02.836596+00:00,portfolio_paper_aggressive_trades,GOOGL,BUY,3.5169,284.62434,10.0,0.0,0.0,-1001.0,15995.99,3.5169,"{""TS"":0.630506,""NS"":0.194739,""CDS"":0.456199,""wT"":0.6,""wN"":0.4}",score>buy,19133735526
2025-11-06T11:14:02.837297+00:00,portfolio_paper_reasonable,AMZN,BUY,2.3977,250.495245,10.0,0.0,0.0,-600.61,19399.39,2.3977,"{""TS"":0.612164,""NS"":0.373769,""CDS"":0.516806,""wT"":0.6,""wN"":0.4}",score>buy,19133735526
2025-11-06T11:14:02.837392+00:00,portfolio_paper_reasonable,AAPL,BUY,2.2213,270.38011,10.0,0.0,0.0,-600.6,18798.79,2.2213,"{""TS"":0.590971,""NS"":0.365141,""CDS"":0.500639,""wT"":0.6,""wN"":0.4}",score>buy,19133735526
2025-11-06T11:14:02.837477+00:00,portfolio_paper_reasonable,FSLR,BUY,2.1636,277.58731,10.0,0.0,0.0,-600.59,18198.2,2.1636,"{""TS"":0.641101,""NS"":0.218322,""CDS"":0.47199,""wT"":0.6,""wN"":0.4}",score>buy,19133735526
2025-11-06T11:14:02.837555+00:00,portfolio_paper_reasonable,GOOGL,BUY,2.1101,284.62434,10.0,0.0,0.0,-600.59,17597.62,2.1101,"{""TS"":0.630506,""NS"":0.194739,""CDS"":0.456199,""wT"":0.6,""wN"":0.4}",score>buy,19133735526
2025-11-06T11:14:02.837631+00:00,portfolio_paper_reasonable,QQQ,BUY,0.9625,624.00338,10.0,0.0,0.0,-600.6,16997.02,0.9625,"{""TS"":0.460601,""NS"":0.386811,""CDS"":0.431085,""wT"":0.6,""wN"":0.4}",score>buy,19133735526
2025-11-06T11:14:02.837703+00:00,portfolio_paper_reasonable,ARCC,BUY,0.0007,20.39037,10.0,0.0,0.0,-0.01,16997.0,0.0007,"{""TS"":0.481402,""NS"":0.344535,""CDS"":0.426655,""wT"":0.6,""wN"":0.4}",score>buy,19133735526
2025-11-06T12:28:14.852118+00:00,portfolio_paper_aggressive_trades,AMZN,BUY,3.9961,250.495245,10.0,0.0,0.0,-1001.0,18999.0,3.9961,"{""TS"":0.612164,""NS"":0.376637,""CDS"":0.517954,""wT"":0.6,""wN"":0.4}",score>buy,19135580007
2025-11-06T12:28:14.852253+00:00,portfolio_paper_aggressive_trades,FSLR,BUY,3.6061,277.58731,10.0,0.0,0.0,-1001.01,17997.99,3.6061,"{""TS"":0.641101,""NS"":0.299169,""CDS"":0.504328,""wT"":0.6,""wN"":0.4}",score>buy,19135580007
2025-11-06T12:28:14.852347+00:00,portfolio_paper_aggressive_trades,AAPL,BUY,3.7022,270.38011,10.0,0.0,0.0,-1001.0,16996.99,3.7022,"{""TS"":0.590971,""NS"":0.357523,""CDS"":0.497592,""wT"":0.6,""wN"":0.4}",score>buy,19135580007
2025-11-06T12:28:14.852455+00:00,portfolio_paper_aggressive_trades,GOOGL,BUY,3.5169,284.62434,10.0,0.0,0.0,-1001.0,15995.99,3.5169,"{""TS"":0.630506,""NS"":0.186452,""CDS"":0.452885,""wT"":0.6,""wN"":0.4}",score>buy,19135580007
2025-11-06T12:28:14.853106+00:00,portfolio_paper_reasonable,AMZN,BUY,2.3977,250.495245,10.0,0.0,0.0,-600.61,19399.39,2.3977,"{""TS"":0.612164,""NS"":0.376637,""CDS"":0.517954,""wT"":0.6,""wN"":0.4}",score>buy,19135580007
2025-11-06T12:28:14.853199+00:00,portfolio_paper_reasonable,FSLR,BUY,2.1636,277.58731,10.0,0.0,0.0,-600.59,18798.8,2.1636,"{""TS"":0.641101,""NS"":0.299169,""CDS"":0.504328,""wT"":0.6,""wN"":0.4}",score>buy,19135580007
2025-11-06T12:28:14.853286+00:00,portfolio_paper_reasonable,AAPL,BUY,2.2213,270.38011,10.0,0.0,0.0,-600.6,18198.2,2.2213,"{""TS"":0.590971,""NS"":0.357523,""CDS"":0.497592,""wT"":0.6,""wN"":0.4}",score>buy,19135580007
2025-11-06T12:28:14.853392+00:00,portfolio_paper_reasonable,GOOGL,BUY,2.1101,284.62434,10.0,0.0,0.0,-600.59,17597.62,2.1101,"{""TS"":0.630506,""NS"":0.186452,""CDS"":0.452885,""wT"":0.6,""wN"":0.4}",score>buy,19135580007
2025-11-06T12:28:14.853517+00:00,portfolio_paper_reasonable,DE,BUY,1.2662,474.32385,10.0,0.0,0.0,-600.59,16997.03,1.2662,"{""TS"":0.524608,""NS"":0.291987,""CDS"":0.43156,""wT"":0.6,""wN"":0.4}",score>buy,19135580007
2025-11-06T12:28:14.853601+00:00,portfolio_paper_reasonable,SNOW,BUY,0.0001,264.98472,10.0,0.0,0.0,-0.03,16997.0,0.0001,"{""TS"":0.482943,""NS"":0.320101,""CDS"":0.417806,""wT"":0.6,""wN"":0.4}",score>buy,19135580007
2025-11-06T12:28:14.853676+00:00,portfolio_paper_reasonable,U,BUY,0.0001,42.41237,10.0,0.0,0.0,-0.0,16997.0,0.0001,"{""TS"":0.578357,""NS"":0.160501,""CDS"":0.411215,""wT"":0.6,""wN"":0.4}",score>buy,19135580007
2025-11-06T13:28:54.928272+00:00,portfolio_paper_aggressive_trades,FSLR,BUY,3.6061,277.58731,10.0,0.0,0.0,-1001.01,18998.99,3.6061,"{""TS"":0.641101,""NS"":0.329851,""CDS"":0.516601,""wT"":0.6,""wN"":0.4}",score>buy,19137210397
2025-11-06T13:28:54.928422+00:00,portfolio_paper_aggressive_trades,AAPL,BUY,3.7022,270.38011,10.0,0.0,0.0,-1001.0,17997.99,3.7022,"{""TS"":0.590971,""NS"":0.372636,""CDS"":0.503637,""wT"":0.6,""wN"":0.4}",score>buy,19137210397
2025-11-06T13:28:54.928518+00:00,portfolio_paper_aggressive_trades,AMZN,BUY,3.9961,250.495245,10.0,0.0,0.0,-1001.0,16996.99,3.9961,"{""TS"":0.612164,""NS"":0.337395,""CDS"":0.502257,""wT"":0.6,""wN"":0.4}",score>buy,19137210397
2025-11-06T13:28:54.928606+00:00,portfolio_paper_aggressive_trades,GOOGL,BUY,3.5169,284.62434,10.0,0.0,0.0,-1001.0,15995.99,3.5169,"{""TS"":0.630506,""NS"":0.193077,""CDS"":0.455535,""wT"":0.6,""wN"":0.4}",score>buy,19137210397
2025-11-06T13:28:54.929260+00:00,portfolio_paper_reasonable,FSLR,BUY,2.1636,277.58731,10.0,0.0,0.0,-600.59,19399.41,2.1636,"{""TS"":0.641101,""NS"":0.329851,""CDS"":0.516601,""wT"":0.6,""wN"":0.4}",score>buy,19137210397
2025-11-06T13:28:54.929380+00:00,portfolio_paper_reasonable,AAPL,BUY,2.2213,270.38011,10.0,0.0,0.0,-600.6,18798.82,2.2213,"{""TS"":0.590971,""NS"":0.372636,""CDS"":0.503637,""wT"":0.6,""wN"":0.4}",score>buy,19137210397
2025-11-06T13:28:54.929470+00:00,portfolio_paper_reasonable,AMZN,BUY,2.3977,250.495245,10.0,0.0,0.0,-600.61,18198.2,2.3977,"{""TS"":0.612164,""NS"":0.337395,""CDS"":0.502257,""wT"":0.6,""wN"":0.4}",score>buy,19137210397
2025-11-06T13:28:54.929552+00:00,portfolio_paper_reasonable,GOOGL,BUY,2.1101,284.62434,10.0,0.0,0.0,-600.59,17597.62,2.1101,"{""TS"":0.630506,""NS"":0.193077,""CDS"":0.455535,""wT"":0.6,""wN"":0.4}",score>buy,19137210397
2025-11-06T13:28:54.929632+00:00,portfolio_paper_reasonable,SNOW,BUY,2.2665,264.98472,10.0,0.0,0.0,-600.59,16997.03,2.2665,"{""TS"":0.482943,""NS"":0.332296,""CDS"":0.422684,""wT"":0.6,""wN"":0.4}",score>buy,19137210397
2025-11-06T13:28:54.929707+00:00,portfolio_paper_reasonable,CRWD,BUY,0.0001,534.56403,10.0,0.0,0.0,-0.05,16996.98,0.0001,"{""TS"":0.483465,""NS"":0.322899,""CDS"":0.419239,""wT"":0.6,""wN"":0.4}",score>buy,19137210397
2025-11-06T14:15:26.343564+00:00,portfolio_paper_aggressive_trades,FSLR,BUY,3.6061,277.58731,10.0,0.0,0.0,-1001.01,18998.99,3.6061,"{""TS"":0.641101,""NS"":0.365656,""CDS"":0.530923,""wT"":0.6,""wN"":0.4}",score>buy,19138526946
2025-11-06T14:15:26.343726+00:00,portfolio_paper_aggressive_trades,AMZN,BUY,3.9961,250.495245,10.0,0.0,0.0,-1001.0,17997.99,3.9961,"{""TS"":0.612164,""NS"":0.349785,""CDS"":0.507213,""wT"":0.6,""wN"":0.4}",score>buy,19138526946
2025-11-06T14:15:26.343869+00:00,portfolio_paper_aggressive_trades,AAPL,BUY,3.7022,270.38011,10.0,0.0,0.0,-1001.0,16996.99,3.7022,"{""TS"":0.590971,""NS"":0.327379,""CDS"":0.485534,""wT"":0.6,""wN"":0.4}",score>buy,19138526946
2025-11-06T14:15:26.343968+00:00,portfolio_paper_aggressive_trades,GOOGL,BUY,3.5169,284.62434,10.0,0.0,0.0,-1001.0,15995.99,3.5169,"{""TS"":0.630506,""NS"":0.212111,""CDS"":0.463148,""wT"":0.6,""wN"":0.4}",score>buy,19138526946
2025-11-06T14:15:26.344673+00:00,portfolio_paper_reasonable,FSLR,BUY,2.1636,277.58731,10.0,0.0,0.0,-600.59,19399.41,2.1636,"{""TS"":0.641101,""NS"":0.365656,""CDS"":0.530923,""wT"":0.6,""wN"":0.4}",score>buy,19138526946
2025-11-06T14:15:26.344776+00:00,portfolio_paper_reasonable,AMZN,BUY,2.3977,250.495245,10.0,0.0,0.0,-600.61,18798.8,2.3977,"{""TS"":0.612164,""NS"":0.349785,""CDS"":0.507213,""wT"":0.6,""wN"":0.4}",score>buy,19138526946
2025-11-06T14:15:26.344887+00:00,portfolio_paper_reasonable,AAPL,BUY,2.2213,270.38011,10.0,0.0,0.0,-600.6,18198.2,2.2213,"{""TS"":0.590971,""NS"":0.327379,""CDS"":0.485534,""wT"":0.6,""wN"":0.4}",score>buy,19138526946
2025-11-06T14:15:26.344976+00:00,portfolio_paper_reasonable,GOOGL,BUY,2.1101,284.62434,10.0,0.0,0.0,-600.59,17597.62,2.1101,"{""TS"":0.630506,""NS"":0.212111,""CDS"":0.463148,""wT"":0.6,""wN"":0.4}",score>buy,19138526946
2025-11-06T14:15:26.345057+00:00,portfolio_paper_reasonable,QQQ,BUY,0.9625,624.00338,10.0,0.0,0.0,-600.6,16997.02,0.9625,"{""TS"":0.460601,""NS"":0.389555,""CDS"":0.432183,""wT"":0.6,""wN"":0.4}",score>buy,19138526946
2025-11-06T14:15:26.345130+00:00,portfolio_paper_reasonable,SNOW,BUY,0.0001,264.98472,10.0,0.0,0.0,-0.03,16996.99,0.0001,"{""TS"":0.482943,""NS"":0.323988,""CDS"":0.419361,""wT"":0.6,""wN"":0.4}",score>buy,19138526946
2025-11-06T15:16:21.284478+00:00,portfolio_paper_aggressive_trades,FSLR,BUY,3.6292,275.81554,10.0,0.0,0.0,-1000.99,18999.01,3.6292,"{""TS"":0.623336,""NS"":0.348285,""CDS"":0.513316,""wT"":0.6,""wN"":0.4}",score>buy,19140371719
2025-11-06T15:16:21.284625+00:00,portfolio_paper_aggressive_trades,AMZN,BUY,4.0404,247.7475,10.0,0.0,0.0,-1001.0,17998.01,4.0404,"{""TS"":0.570876,""NS"":0.336256,""CDS"":0.477028,""wT"":0.6,""wN"":0.4}",score>buy,19140371719
2025-11-06T15:16:21.284741+00:00,portfolio_paper_aggressive_trades,GOOGL,BUY,3.5165,284.65437,10.0,0.0,0.0,-1000.99,16997.02,3.5165,"{""TS"":0.630809,""NS"":0.225658,""CDS"":0.468749,""wT"":0.6,""wN"":0.4}",score>buy,19140371719
2025-11-06T15:16:21.284833+00:00,portfolio_paper_aggressive_trades,AAPL,BUY,3.7113,269.714445,10.0,0.0,0.0,-1000.99,15996.03,3.7113,"{""TS"":0.561081,""NS"":0.301395,""CDS"":0.457207,""wT"":0.6,""wN"":0.4}",score>buy,19140371719
2025-11-06T15:16:21.284915+00:00,portfolio_paper_aggressive_trades,SNOW,BUY,0.0001,269.0688,10.0,0.0,0.0,-0.03,15996.01,0.0001,"{""TS"":0.527497,""NS"":0.313392,""CDS"":0.441855,""wT"":0.6,""wN"":0.4}",score>buy,19140371719
2025-11-06T15:16:21.284999+00:00,portfolio_paper_aggressive_trades,SNAP,BUY,0.0007,8.4084,10.0,0.0,0.0,-0.01,15996.0,0.0007,"{""TS"":0.561237,""NS"":0.155487,""CDS"":0.398937,""wT"":0.6,""wN"":0.4}",score>buy,19140371719
2025-11-06T15:16:21.285748+00:00,portfolio_paper_reasonable,FSLR,BUY,2.1775,275.81554,10.0,0.0,0.0,-600.59,19399.41,2.1775,"{""TS"":0.623336,""NS"":0.348285,""CDS"":0.513316,""wT"":0.6,""wN"":0.4}",score>buy,19140371719
2025-11-06T15:16:21.285842+00:00,portfolio_paper_reasonable,AMZN,BUY,2.4242,247.7475,10.0,0.0,0.0,-600.59,18798.82,2.4242,"{""TS"":0.570876,""NS"":0.336256,""CDS"":0.477028,""wT"":0.6,""wN"":0.4}",score>buy,19140371719
2025-11-06T15:16:21.285924+00:00,portfolio_paper_reasonable,GOOGL,BUY,2.1099,284.65437,10.0,0.0,0.0,-600.59,18198.23,2.1099,"{""TS"":0.630809,""NS"":0.225658,""CDS"":0.468749,""wT"":0.6,""wN"":0.4}",score>buy,19140371719
2025-11-06T15:16:21.286001+00:00,portfolio_paper_reasonable,AAPL,BUY,2.2268,269.714445,10.0,0.0,0.0,-600.6,17597.63,2.2268,"{""TS"":0.561081,""NS"":0.301395,""CDS"":0.457207,""wT"":0.6,""wN"":0.4}",score>buy,19140371719
2025-11-06T15:16:21.286074+00:00,portfolio_paper_reasonable,SNOW,BUY,2.2321,269.0688,10.0,0.0,0.0,-600.59,16997.04,2.2321,"{""TS"":0.527497,""NS"":0.313392,""CDS"":0.441855,""wT"":0.6,""wN"":0.4}",score>buy,19140371719
2025-11-06T15:16:21.286148+00:00,portfolio_paper_reasonable,DE,BUY,0.0001,474.30383,10.0,0.0,0.0,-0.05,16996.99,0.0001,"{""TS"":0.524521,""NS"":0.232982,""CDS"":0.407905,""wT"":0.6,""wN"":0.4}",score>buy,19140371719
2025-11-06T16:19:13.667858+00:00,portfolio_paper_aggressive_trades,AAPL,BUY,3.6759,272.317045,10.0,0.0,0.0,-1001.01,18998.99,3.6759,"{""TS"":0.625321,""NS"":0.260813,""CDS"":0.479518,""wT"":0.6,""wN"":0.4}",score>buy,19142264239
2025-11-06T16:19:13.668096+00:00,portfolio_paper_aggressive_trades,FSLR,BUY,3.663,273.273,10.0,0.0,0.0,-1001.0,17997.99,3.663,"{""TS"":0.598513,""NS"":0.289251,""CDS"":0.474808,""wT"":0.6,""wN"":0.4}",score>buy,19142264239
2025-11-06T16:19:13.668257+00:00,portfolio_paper_aggressive_trades,GOOGL,BUY,3.5257,283.91363,10.0,0.0,0.0,-1000.99,16997.0,3.5257,"{""TS"":0.616758,""NS"":0.220854,""CDS"":0.458397,""wT"":0.6,""wN"":0.4}",score>buy,19142264239
2025-11-06T16:19:13.668452+00:00,portfolio_paper_aggressive_trades,AMZN,BUY,4.0962,244.37413,10.0,0.0,0.0,-1001.01,15995.99,4.0962,"{""TS"":0.52709,""NS"":0.264116,""CDS"":0.4219,""wT"":0.6,""wN"":0.4}",score>buy,19142264239
2025-11-06T16:19:13.669235+00:00,portfolio_paper_reasonable,AAPL,BUY,2.2055,272.317045,10.0,0.0,0.0,-600.6,19399.4,2.2055,"{""TS"":0.625321,""NS"":0.260813,""CDS"":0.479518,""wT"":0.6,""wN"":0.4}",score>buy,19142264239
2025-11-06T16:19:13.669358+00:00,portfolio_paper_reasonable,FSLR,BUY,2.1978,273.273,10.0,0.0,0.0,-600.6,18798.81,2.1978,"{""TS"":0.598513,""NS"":0.289251,""CDS"":0.474808,""wT"":0.6,""wN"":0.4}",score>buy,19142264239
2025-11-06T16:19:13.669445+00:00,portfolio_paper_reasonable,GOOGL,BUY,2.1154,283.91363,10.0,0.0,0.0,-600.59,18198.21,2.1154,"{""TS"":0.616758,""NS"":0.220854,""CDS"":0.458397,""wT"":0.6,""wN"":0.4}",score>buy,19142264239
2025-11-06T16:19:13.669525+00:00,portfolio_paper_reasonable,AMZN,BUY,2.4577,244.37413,10.0,0.0,0.0,-600.6,17597.62,2.4577,"{""TS"":0.52709,""NS"":0.264116,""CDS"":0.4219,""wT"":0.6,""wN"":0.4}",score>buy,19142264239
2025-11-06T16:19:13.669603+00:00,portfolio_paper_reasonable,DE,BUY,1.271,472.55208,10.0,0.0,0.0,-600.61,16997.0,1.271,"{""TS"":0.499541,""NS"":0.249315,""CDS"":0.399451,""wT"":0.6,""wN"":0.4}",score>buy,19142264239
2025-11-06T16:19:13.669677+00:00,portfolio_paper_reasonable,ARCC,BUY,0.0001,20.275255,10.0,0.0,0.0,-0.0,16997.0,0.0001,"{""TS"":0.440124,""NS"":0.30712,""CDS"":0.386922,""wT"":0.6,""wN"":0.4}",score>buy,19142264239
2025-11-06T17:15:35.915771+00:00,portfolio_paper_aggressive_trades,FSLR,BUY,3.6682,272.88261,10.0,0.0,0.0,-1000.99,18999.01,3.6682,"{""TS"":0.594885,""NS"":0.339273,""CDS"":0.49264,""wT"":0.6,""wN"":0.4}",score>buy,19143859382
2025-11-06T17:15:35.915915+00:00,portfolio_paper_aggressive_trades,AAPL,BUY,3.6891,271.34107,10.0,0.0,0.0,-1001.0,17998.01,3.6891,"{""TS"":0.60925,""NS"":0.308898,""CDS"":0.489109,""wT"":0.6,""wN"":0.4}",score>buy,19143859382
2025-11-06T17:15:35.916021+00:00,portfolio_paper_aggressive_trades,GOOGL,BUY,3.5158,284.71443,10.0,0.0,0.0,-1001.0,16997.01,3.5158,"{""TS"":0.63123,""NS"":0.184683,""CDS"":0.452611,""wT"":0.6,""wN"":0.4}",score>buy,19143859382
2025-11-06T17:15:35.916105+00:00,portfolio_paper_aggressive_trades,AMZN,BUY,4.1051,243.8436,10.0,0.0,0.0,-1001.0,15996.01,4.1051,"{""TS"":0.520841,""NS"":0.276618,""CDS"":0.423152,""wT"":0.6,""wN"":0.4}",score>buy,19143859382
2025-11-06T17:15:35.916187+00:00,portfolio_paper_aggressive_trades,ARCC,BUY,0.0003,20.175155,10.0,0.0,0.0,-0.01,15996.0,0.0003,"{""TS"":0.409804,""NS"":0.30714,""CDS"":0.368739,""wT"":0.6,""wN"":0.4}",score>buy,19143859382
2025-11-06T17:15:35.916866+00:00,portfolio_paper_reasonable,FSLR,BUY,2.2009,272.88261,10.0,0.0,0.0,-600.59,19399.41,2.2009,"{""TS"":0.594885,""NS"":0.339273,""CDS"":0.49264,""wT"":0.6,""wN"":0.4}",score>buy,19143859382
2025-11-06T17:15:35.916964+00:00,portfolio_paper_reasonable,AAPL,BUY,2.2135,271.34107,10.0,0.0,0.0,-600.61,18798.8,2.2135,"{""TS"":0.60925,""NS"":0.308898,""CDS"":0.489109,""wT"":0.6,""wN"":0.4}",score>buy,19143859382
2025-11-06T17:15:35.917049+00:00,portfolio_paper_reasonable,GOOGL,BUY,2.1095,284.71443,10.0,0.0,0.0,-600.61,18198.19,2.1095,"{""TS"":0.63123,""NS"":0.184683,""CDS"":0.452611,""wT"":0.6,""wN"":0.4}",score>buy,19143859382
2025-11-06T17:15:35.917128+00:00,portfolio_paper_reasonable,AMZN,BUY,2.4631,243.8436,10.0,0.0,0.0,-600.61,17597.58,2.4631,"{""TS"":0.520841,""NS"":0.276618,""CDS"":0.423152,""wT"":0.6,""wN"":0.4}",score>buy,19143859382
2025-11-06T17:15:35.917203+00:00,portfolio_paper_reasonable,DE,BUY,1.2737,471.53106,10.0,0.0,0.0,-600.59,16996.99,1.2737,"{""TS"":0.486109,""NS"":0.254771,""CDS"":0.393573,""wT"":0.6,""wN"":0.4}",score>buy,19143859382
2025-11-06T18:21:49.064452+00:00,portfolio_paper_aggressive_trades,FSLR,BUY,3.649,274.319045,10.0,0.0,0.0,-1000.99,18999.01,3.649,"{""TS"":0.608468,""NS"":0.339273,""CDS"":0.50079,""wT"":0.6,""wN"":0.4}",score>buy,19145617299
2025-11-06T18:21:49.064603+00:00,portfolio_paper_aggressive_trades,AAPL,BUY,3.6903,271.25098,10.0,0.0,0.0,-1001.0,17998.01,3.6903,"{""TS"":0.607642,""NS"":0.294974,""CDS"":0.482575,""wT"":0.6,""wN"":0.4}",score>buy,19145617299
2025-11-06T18:21:49.064696+00:00,portfolio_paper_aggressive_trades,GOOGL,BUY,3.5125,284.9847,10.0,0.0,0.0,-1001.01,16997.0,3.5125,"{""TS"":0.633102,""NS"":0.163501,""CDS"":0.445262,""wT"":0.6,""wN"":0.4}",score>buy,19145617299
2025-11-06T18:21:49.064778+00:00,portfolio_paper_aggressive_trades,AMZN,BUY,4.1046,243.87363,10.0,0.0,0.0,-1001.0,15996.0,4.1046,"{""TS"":0.521191,""NS"":0.266238,""CDS"":0.41921,""wT"":0.6,""wN"":0.4}",score>buy,19145617299
2025-11-06T18:21:49.065451+00:00,portfolio_paper_reasonable,FSLR,BUY,2.1894,274.319045,10.0,0.0,0.0,-600.59,19399.41,2.1894,"{""TS"":0.608468,""NS"":0.339273,""CDS"":0.50079,""wT"":0.6,""wN"":0.4}",score>buy,19145617299
2025-11-06T18:21:49.065545+00:00,portfolio_paper_reasonable,AAPL,BUY,2.2142,271.25098,10.0,0.0,0.0,-600.6,18798.8,2.2142,"{""TS"":0.607642,""NS"":0.294974,""CDS"":0.482575,""wT"":0.6,""wN"":0.4}",score>buy,19145617299
2025-11-06T18:21:49.065630+00:00,portfolio_paper_reasonable,GOOGL,BUY,2.1075,284.9847,10.0,0.0,0.0,-600.61,18198.2,2.1075,"{""TS"":0.633102,""NS"":0.163501,""CDS"":0.445262,""wT"":0.6,""wN"":0.4}",score>buy,19145617299
2025-11-06T18:21:49.065708+00:00,portfolio_paper_reasonable,AMZN,BUY,2.4628,243.87363,10.0,0.0,0.0,-600.61,17597.58,2.4628,"{""TS"":0.521191,""NS"":0.266238,""CDS"":0.41921,""wT"":0.6,""wN"":0.4}",score>buy,19145617299
2025-11-06T18:21:49.065784+00:00,portfolio_paper_reasonable,DE,BUY,1.2771,470.25979,10.0,0.0,0.0,-600.57,16997.02,1.2771,"{""TS"":0.470417,""NS"":0.263987,""CDS"":0.387845,""wT"":0.6,""wN"":0.4}",score>buy,19145617299
2025-11-06T18:21:49.065855+00:00,portfolio_paper_reasonable,NET,BUY,0.0001,223.50328,10.0,0.0,0.0,-0.02,16996.99,0.0001,"{""TS"":0.39856,""NS"":0.360504,""CDS"":0.383337,""wT"":0.6,""wN"":0.4}",score>buy,19145617299
